paper_uid_after_direct_w,exclusion_reason,ref_year,search_pub_year,kci_pub_year,kci_verified,google_scholar_indexed,google_scholar_match_status,google_scholar_year,google_scholar_citation_count,D_j_audit,recoverable_target_year,year_recovery_source
P00002882,missing_target_year,라틴아메리카연구,2004.0,,,1,matched,2005.0,8.0,1.0,2004.0,search_pub_year
P00010424,missing_target_year,경제와 사회,2013.0,,,0,not_indexed,,,0.0,2013.0,search_pub_year
P00012581,missing_target_year,국제정치논총,2012.0,,,1,matched,2012.0,2.0,1.0,2012.0,search_pub_year
P00013683,missing_target_year,,,,,0,not_indexed,,,0.0,,
P00014803,missing_target_year,한국언론학보,2007.0,,,1,matched,2007.0,14.0,1.0,2007.0,search_pub_year
P00018122,missing_target_year,2005b,,,,0,not_indexed,,,0.0,,
P00018173,missing_target_year,2006a,2006.0,2006.0,N,1,matched,2006.0,5.0,1.0,2006.0,kci_pub_year
P00018302,missing_target_year,,,,,0,not_indexed,,,0.0,,
P00018629,missing_target_year,2005.5.16,,,,0,not_indexed,,,0.0,,
P00018630,missing_target_year,2005.10.13,,,,0,not_indexed,,,0.0,,
P00018631,missing_target_year,2006.10.16,,,,0,not_indexed,,,0.0,,
P00018633,missing_target_year,2007.3.29,,,,0,not_indexed,,,0.0,,
P00018634,missing_target_year,2007.3.29,,,,0,not_indexed,,,0.0,,
P00018635,missing_target_year,2006.10.16,,,,0,not_indexed,,,0.0,,
P00018643,missing_target_year,2007(a),,,,0,not_indexed,,,0.0,,
P00018644,missing_target_year,2007(b),,,,0,not_indexed,,,0.0,,
P00018645,missing_target_year,2007(c),,,,0,not_indexed,,,0.0,,
P00018646,missing_target_year,2007(d),,,,0,not_indexed,,,0.0,,
P00018647,missing_target_year,2006.10.16,,,,0,not_indexed,,,0.0,,
P00018786,missing_target_year,2002년10월12일자,,,,0,not_indexed,,,0.0,,
P00018787,missing_target_year,1991년2월27일자,,,,0,not_indexed,,,0.0,,
P00018788,missing_target_year,2003년4월1일자,,,,0,not_indexed,,,0.0,,
P00018789,missing_target_year,2002년5월07일자,,,,0,not_indexed,,,0.0,,
P00018790,missing_target_year,,,,,0,not_indexed,,,0.0,,
P00018791,missing_target_year,2000년7월17일자,,,,0,not_indexed,,,0.0,,
P00018792,missing_target_year,2002년9월30일자,,,,0,not_indexed,,,0.0,,
P00018793,missing_target_year,,2026.0,,,1,matched,2002.0,29.0,1.0,2002.0,google_scholar_year
P00018986,missing_target_year,2000a,,,,0,not_indexed,,,0.0,,
P00018987,missing_target_year,2000b,,,,0,not_indexed,,,0.0,,
P00019141,missing_target_year,,,,,0,not_indexed,,,0.0,,
P00020075,missing_target_year,2007.8.9,,,,0,not_indexed,,,0.0,,
P00020076,missing_target_year,2007.3.16,,,,0,not_indexed,,,0.0,,
P00020107,missing_target_year,,,,,0,not_indexed,,,0.0,,
P00020111,missing_target_year,2000(a),,,,0,not_indexed,,,0.0,,
P00020112,missing_target_year,2000(b),,,,0,not_indexed,,,0.0,,
P00015483,missing_target_year,2000(a),,,,0,not_indexed,,,0.0,,
P00020121,missing_target_year,,,,,0,not_indexed,,,0.0,,
P00020122,missing_target_year,,,,,0,not_indexed,,,0.0,,
P00020125,missing_target_year,2003(a),,,,0,not_indexed,,,0.0,,
P00020147,missing_target_year,,,,,1,matched,1990.0,,1.0,1990.0,google_scholar_year
P00020148,missing_target_year,2007.1.19,,,,0,not_indexed,,,0.0,,
P00020155,missing_target_year,1,,,,0,not_indexed,,,0.0,,
P00020157,missing_target_year,,,,,0,not_indexed,,,0.0,,
P00020159,missing_target_year,,,,,0,not_indexed,,,0.0,,
P00020173,missing_target_year,2001(b),,,,0,not_indexed,,,0.0,,
P00020181,missing_target_year,2004(a),2004.0,2004.0,N,1,matched,2004.0,,1.0,2004.0,kci_pub_year
P00020182,missing_target_year,2004(b),2004.0,2004.0,N,1,matched,2004.0,1.0,1.0,2004.0,kci_pub_year
P00020185,missing_target_year,2001(a),,,,0,not_indexed,,,0.0,,
P00020186,missing_target_year,2001(b),,,,0,not_indexed,,,0.0,,
P00020616,missing_target_year,발행년도없음,2023.0,,,0,not_indexed,,,0.0,2023.0,search_pub_year
P00021311,missing_target_year,한국정치연구,2019.0,,,1,matched,2019.0,4.0,1.0,2019.0,search_pub_year
P00021351,missing_target_year,민주방식의 여성지도자에 대한 평가,2005.0,,,1,matched,2005.0,8.0,1.0,2005.0,search_pub_year
P00021496,missing_target_year,인물과사상,2022.0,,,0,review,,,0.0,2022.0,search_pub_year
P00021763,missing_target_year,대한정치학회보,2025.0,,,1,matched,2018.0,9.0,1.0,2018.0,google_scholar_year
P00023454,missing_target_year,한국언론학보,2008.0,,,1,matched,2009.0,45.0,1.0,2008.0,search_pub_year
P00024701,missing_target_year,한국정당학회보,2010.0,,,1,matched,2010.0,3.0,1.0,2010.0,search_pub_year
P00026595,missing_target_year,한국사회와 행정연구,2005.0,,,1,matched,2005.0,12.0,1.0,2005.0,search_pub_year
P00027645,missing_target_year,2004a,2004.0,2004.0,N,1,matched,2004.0,10.0,1.0,2004.0,kci_pub_year
P00027646,missing_target_year,2004b,2004.0,2004.0,N,1,matched,2004.0,17.0,1.0,2004.0,kci_pub_year
P00028016,missing_target_year,1964-2000,2017.0,,,0,not_indexed,,,0.0,2017.0,search_pub_year
P00028017,missing_target_year,1964-2000,2008.0,,,0,not_indexed,,,0.0,2008.0,search_pub_year
P00028032,missing_target_year,,2004.0,,,1,matched,2013.0,1.0,1.0,2004.0,search_pub_year
P00029111,missing_target_year,,,,,0,review,,,0.0,,
P00029772,missing_target_year,아시아여성연구,2015.0,,,1,matched,2015.0,5.0,1.0,2015.0,search_pub_year
P00030076,missing_target_year,성이론,,,,1,matched,2018.0,4.0,1.0,2018.0,google_scholar_year
P00030081,missing_target_year,페미니즘연구,2009.0,,,1,matched,2009.0,58.0,1.0,2009.0,search_pub_year
P00030202,missing_target_year,리더십연구,2011.0,,,0,review,,,0.0,2011.0,search_pub_year
P00030666,missing_target_year,세계정치,2006.0,,,0,not_indexed,,,0.0,2006.0,search_pub_year
P00030741,missing_target_year,성이론,2003.0,,,0,not_indexed,,,0.0,2003.0,search_pub_year
P00031535,missing_target_year,사회와 철학,2023.0,,,1,matched,2009.0,1.0,1.0,2023.0,search_pub_year
P00031957,missing_target_year,한길사,,,,0,not_indexed,,,0.0,,
P00032094,missing_target_year,국어국문학,2004.0,,,1,matched,2004.0,16.0,1.0,2004.0,search_pub_year
P00032278,missing_target_year,정치사상연구,2012.0,,,1,matched,2012.0,10.0,1.0,2012.0,search_pub_year
P00033207,missing_target_year,한국정치학회보,,,,1,matched,2007.0,,1.0,2007.0,google_scholar_year
P00033535,missing_target_year,,2008.0,,,1,matched,2004.0,,1.0,2008.0,search_pub_year
P00033938,missing_target_year,,,,,0,not_indexed,,,0.0,,
P00033940,missing_target_year,,2007.0,,,0,review,,,0.0,2007.0,search_pub_year
P00034167,missing_target_year,,2006.0,2006.0,N,0,not_indexed,,,0.0,2006.0,kci_pub_year
P00034197,missing_target_year,2007.01.04,,,,0,not_indexed,,,0.0,,
P00034237,missing_target_year,19582007,,,,0,not_indexed,,,0.0,,
P00034277,missing_target_year,19941960,,,,0,not_indexed,,,0.0,,
P00034309,missing_target_year,,,,,0,not_indexed,,,0.0,,
P00034311,missing_target_year,2006a,,,,0,not_indexed,,,0.0,,
P00034312,missing_target_year,2006b,,,,0,not_indexed,,,0.0,,
P00034437,missing_target_year,,,,,0,review,,,0.0,,
P00034454,missing_target_year,______.2004.&#65378;,2004.0,2004.0,N,1,matched,2004.0,5.0,1.0,2004.0,kci_pub_year
P00034493,missing_target_year,1987economicandphilosophicalmanuscripts1844,,,,0,not_indexed,,,0.0,,
P00034495,missing_target_year,,,,,0,not_indexed,,,0.0,,
P00034531,missing_target_year,19681988,,,,0,not_indexed,,,0.0,,
P00034544,missing_target_year,19861986년10월,2003.0,,,0,review,,,0.0,2003.0,search_pub_year
P00032478,missing_target_year,2000a,2019.0,,,0,not_indexed,,,0.0,2019.0,search_pub_year
P00034574,missing_target_year,2000b,,,,0,not_indexed,,,0.0,,
P00034575,missing_target_year,1999a,,,,0,not_indexed,,,0.0,,
P00034576,missing_target_year,1999b,,,,0,not_indexed,,,0.0,,
P00034598,missing_target_year,,2020.0,,,0,not_indexed,,,0.0,2020.0,search_pub_year
P00034617,missing_target_year,,,,,0,not_indexed,,,0.0,,
P00034618,missing_target_year,,,,,0,not_indexed,,,0.0,,
P00034619,missing_target_year,,,,,0,not_indexed,,,0.0,,
P00034620,missing_target_year,,,,,0,not_indexed,,,0.0,,
P00034644,missing_target_year,2004a,,,,0,not_indexed,,,0.0,,
P00034645,missing_target_year,2004b,2004.0,,,0,review,,,0.0,2004.0,search_pub_year
P00034646,missing_target_year,2004c,2004.0,2004.0,N,1,matched,2004.0,1.0,1.0,2004.0,kci_pub_year
P00034658,missing_target_year,방미경역,2001.0,,,1,matched,2015.0,2.0,1.0,2001.0,search_pub_year
P00034754,missing_target_year,2006a,2003.0,,,0,not_indexed,,,0.0,2003.0,search_pub_year
P00034755,missing_target_year,2006b,2024.0,,,0,review,,,0.0,2024.0,search_pub_year
P00034802,missing_target_year,,,,,0,not_indexed,,,0.0,,
P00034944,missing_target_year,아세아연구,,,,0,not_indexed,,,0.0,,
P00035102,missing_target_year,,,,,0,not_indexed,,,0.0,,
P00036795,missing_target_year,,,,,0,not_indexed,,,0.0,,
P00038022,missing_target_year,역사비평,2020.0,,,0,review,,,0.0,2020.0,search_pub_year
P00038841,missing_target_year,,,,,0,not_indexed,,,0.0,,
P00039280,missing_target_year,가출이라는 북한영화의 내러티브 반복과 연기,2007.0,,,1,matched,2007.0,,1.0,2007.0,search_pub_year
P00039332,missing_target_year,국제정치논총,2013.0,,,1,matched,2013.0,10.0,1.0,2013.0,search_pub_year
P00039436,missing_target_year,중소연구,2013.0,,,1,matched,2007.0,3.0,1.0,2013.0,search_pub_year
P00039969,missing_target_year,,,,,1,matched,2011.0,1.0,1.0,2011.0,google_scholar_year
P00040645,missing_target_year,위생 시스템의 혼종적 전환 -,2021.0,,,1,matched,2021.0,2.0,1.0,2021.0,search_pub_year
P00040646,missing_target_year,과학기술학연구,2021.0,,,1,matched,2021.0,,1.0,2021.0,search_pub_year
P00041208,missing_target_year,고황정치학회보,,,,0,not_indexed,,,0.0,,
P00041285,missing_target_year,교육문제연구,2016.0,,,0,review,,,0.0,2016.0,search_pub_year
P00043019,missing_target_year,군사평론,2015.0,,,0,not_indexed,,,0.0,2015.0,search_pub_year
P00043260,missing_target_year,,,,,0,not_indexed,,,0.0,,
P00043261,missing_target_year,,,,,0,not_indexed,,,0.0,,
P00043474,missing_target_year,,,,,0,not_indexed,,,0.0,,
P00044249,missing_target_year,2008a,,,,0,not_indexed,,,0.0,,
P00044733,missing_target_year,2007.10.9,,,,0,not_indexed,,,0.0,,
P00044758,missing_target_year,,,,,0,not_indexed,,,0.0,,
P00044760,missing_target_year,1950.1.11,,,,0,not_indexed,,,0.0,,
P00044764,missing_target_year,,,,,0,not_indexed,,,0.0,,
P00044837,missing_target_year,,,,,0,not_indexed,,,0.0,,
P00044957,missing_target_year,,,,,0,not_indexed,,,0.0,,
P00045396,missing_target_year,대외경제정책연구,1999.0,,,0,not_indexed,,,0.0,1999.0,search_pub_year
P00045544,missing_target_year,,,,,0,not_indexed,,,0.0,,
P00045683,missing_target_year,2007.10.9,,,,0,not_indexed,,,0.0,,
P00045685,missing_target_year,2007.10.9,,,,0,not_indexed,,,0.0,,
P00045686,missing_target_year,2007.10.4,,,,0,not_indexed,,,0.0,,
P00045687,missing_target_year,2003.7.3,,,,0,not_indexed,,,0.0,,
P00045699,missing_target_year,2002.11.20,,,,0,not_indexed,,,0.0,,
P00045700,missing_target_year,2007.10.22,,,,0,not_indexed,,,0.0,,
P00045708,missing_target_year,2007.10.16,,,,0,not_indexed,,,0.0,,
P00046108,missing_target_year,아세아연구,2017.0,,,1,matched,2017.0,3.0,1.0,2017.0,search_pub_year
P00046334,missing_target_year,국제관계 연구,,,,1,matched,2005.0,4.0,1.0,2005.0,google_scholar_year
P00048553,missing_target_year,국제정치논총,2009.0,,,1,matched,2009.0,13.0,1.0,2009.0,search_pub_year
P00049385,missing_target_year,국제정치논총,,,,0,not_indexed,,,0.0,,
P00050272,missing_target_year,2007a,2007.0,2007.0,N,1,matched,2007.0,3.0,1.0,2007.0,kci_pub_year
P00050273,missing_target_year,2007b,,,,0,not_indexed,,,0.0,,
P00055389,missing_target_year,중소연구,2015.0,,,0,not_indexed,,,0.0,2015.0,search_pub_year
P00057487,missing_target_year,,,,,0,not_indexed,,,0.0,,
P00057502,missing_target_year,,,,,0,not_indexed,,,0.0,,
P00057919,missing_target_year,,,,,0,not_indexed,,,0.0,,
P00058057,missing_target_year,한국문화인류학,2010.0,,,1,matched,2009.0,1.0,1.0,2010.0,search_pub_year
P00058744,missing_target_year,동향과 전망,2017.0,,,0,not_indexed,,,0.0,2017.0,search_pub_year
P00060140,missing_target_year,주요국제문제분석,2011.0,,,0,not_indexed,,,0.0,2011.0,search_pub_year
P00060735,missing_target_year,시민과 세계,2018.0,,,0,not_indexed,,,0.0,2018.0,search_pub_year
P00061006,missing_target_year,아세아연구,2013.0,,,0,not_indexed,,,0.0,2013.0,search_pub_year
P00061284,missing_target_year,한국스포츠사회학회지,2010.0,,,1,matched,2010.0,7.0,1.0,2010.0,search_pub_year
P00062775,missing_target_year,북한연구학회보,2017.0,,,0,review,,,0.0,2017.0,search_pub_year
P00063364,missing_target_year,영미문학페미니즘,2011.0,,,0,not_indexed,,,0.0,2011.0,search_pub_year
P00063672,missing_target_year,성이론,,,,0,not_indexed,,,0.0,,
P00063721,missing_target_year,기초조형학연구,2020.0,,,0,not_indexed,,,0.0,2020.0,search_pub_year
P00063853,missing_target_year,성이론,,,,0,not_indexed,,,0.0,,
P00063854,missing_target_year,성이론,,,,0,not_indexed,,,0.0,,
P00063958,missing_target_year,국어문학,2020.0,,,0,not_indexed,,,0.0,2020.0,search_pub_year
P00064685,missing_target_year,정보사회와 미디어,2013.0,,,1,matched,2013.0,14.0,1.0,2013.0,search_pub_year
P00065128,missing_target_year,관광경영연구,2012.0,,,1,matched,2001.0,9.0,1.0,2012.0,search_pub_year
P00066318,missing_target_year,경제와 사회,2012.0,,,0,not_indexed,,,0.0,2012.0,search_pub_year
P00067295,missing_target_year,지구화: 재멕시코,2013.0,,,0,review,,,0.0,2013.0,search_pub_year
P00067830,missing_target_year,군사논단,,,,0,not_indexed,,,0.0,,
P00067902,missing_target_year,리터러시 연구,2023.0,,,0,review,,,0.0,2023.0,search_pub_year
P00068345,missing_target_year,담론201,2010.0,,,0,not_indexed,,,0.0,2010.0,search_pub_year
P00068500,missing_target_year,인지행동치료,2020.0,,,1,matched,2016.0,24.0,1.0,2020.0,search_pub_year
P00068562,missing_target_year,GRI연구논총,2022.0,,,1,matched,2025.0,,1.0,2022.0,search_pub_year
P00070253,missing_target_year,한국지방정치학회보,2016.0,,,1,matched,2016.0,3.0,1.0,2016.0,search_pub_year
P00071199,missing_target_year,현대사회과학연구,,,,0,not_indexed,,,0.0,,
P00071514,missing_target_year,,,,,0,not_indexed,,,0.0,,
P00072427,missing_target_year,월간중앙,,,,0,not_indexed,,,0.0,,
P00072532,missing_target_year,한국사회학,2013.0,,,1,matched,2013.0,27.0,1.0,2013.0,search_pub_year
P00074201,missing_target_year,한국정치외교사논총,2017.0,,,0,not_indexed,,,0.0,2017.0,search_pub_year
P00074238,missing_target_year,종교연구,2022.0,,,0,not_indexed,,,0.0,2022.0,search_pub_year
P00056409,missing_target_year,21세기정치학회보,2010.0,,,0,not_indexed,,,0.0,2010.0,search_pub_year
P00074353,missing_target_year,개념과 소통,2017.0,,,0,not_indexed,,,0.0,2017.0,search_pub_year
P00075409,missing_target_year,한국과 국제정치,2018.0,,,0,not_indexed,,,0.0,2018.0,search_pub_year
P00075710,missing_target_year,사회와 이론,2017.0,,,0,review,,,0.0,2017.0,search_pub_year
P00077097,missing_target_year,한국언론정보학보,2014.0,,,0,not_indexed,,,0.0,2014.0,search_pub_year
P00077443,missing_target_year,경제에서 시민사회,2013.0,,,0,not_indexed,,,0.0,2013.0,search_pub_year
P00077670,missing_target_year,한국정책학회보,2020.0,,,0,not_indexed,,,0.0,2020.0,search_pub_year
P00080306,missing_target_year,민주주의와 인권,2012.0,,,0,not_indexed,,,0.0,2012.0,search_pub_year
P00081019,missing_target_year,,,,,0,not_indexed,,,0.0,,
P00082579,missing_target_year,한국정치학회보,,,,0,not_indexed,,,0.0,,
P00026001,missing_target_year,사회와 철학,2010.0,,,1,matched,2002.0,4.0,1.0,2010.0,search_pub_year
P00084243,missing_target_year,과학,2010.0,,,0,not_indexed,,,0.0,2010.0,search_pub_year
P00084307,missing_target_year,마르크스주의 연구,2010.0,,,1,matched,2010.0,1.0,1.0,2010.0,search_pub_year
P00085966,missing_target_year,정치사상연구,,,,0,not_indexed,,,0.0,,
P00086678,missing_target_year,,,,,0,not_indexed,,,0.0,,
P00086858,missing_target_year,2005a,,,,0,not_indexed,,,0.0,,
P00086924,missing_target_year,2007a,2007.0,2007.0,N,0,not_indexed,,,0.0,2007.0,kci_pub_year
P00086930,missing_target_year,2001a,,,,0,not_indexed,,,0.0,,
P00086931,missing_target_year,2001b,,,,0,not_indexed,,,0.0,,
P00027925,missing_target_year,세계지역연구논총,2015.0,,,0,review,,,0.0,2015.0,search_pub_year
P00087198,missing_target_year,저널리즘비평,,,,0,not_indexed,,,0.0,,
P00087747,missing_target_year,2007b,,,,0,not_indexed,,,0.0,,
P00088151,missing_target_year,,,,,0,not_indexed,,,0.0,,
P00088591,missing_target_year,,,,,0,not_indexed,,,0.0,,
P00089073,missing_target_year,,2006.0,2006.0,N,0,not_indexed,,,0.0,2006.0,kci_pub_year
P00089992,missing_target_year,19??,2019.0,,,0,not_indexed,,,0.0,2019.0,search_pub_year
P00090218,missing_target_year,2006.5.2,,,,0,not_indexed,,,0.0,,
P00090219,missing_target_year,2006.1.27,,,,0,not_indexed,,,0.0,,
P00090221,missing_target_year,2007.4.4,2006.0,,,0,not_indexed,,,0.0,2006.0,search_pub_year
P00090222,missing_target_year,2007a,,,,0,not_indexed,,,0.0,,
P00090223,missing_target_year,2007b,,,,0,not_indexed,,,0.0,,
P00090224,missing_target_year,2006.11.27,,,,0,not_indexed,,,0.0,,
P00090225,missing_target_year,2007.4.4,,,,0,not_indexed,,,0.0,,
P00090228,missing_target_year,2007.3.26,,,,0,not_indexed,,,0.0,,
P00090233,missing_target_year,2007.4.2,,,,0,not_indexed,,,0.0,,
P00090234,missing_target_year,2006.1.18,,,,0,not_indexed,,,0.0,,
P00090235,missing_target_year,,,,,0,not_indexed,,,0.0,,
P00090236,missing_target_year,2007.4.11,,,,0,not_indexed,,,0.0,,
P00090239,missing_target_year,2007.4.19,,,,0,not_indexed,,,0.0,,
P00090310,missing_target_year,2004a,,,,0,not_indexed,,,0.0,,
P00091661,missing_target_year,,,,,0,not_indexed,,,0.0,,
P00091667,missing_target_year,,,,,0,not_indexed,,,0.0,,
P00091675,missing_target_year,,,,,0,not_indexed,,,0.0,,
P00091683,missing_target_year,,,,,0,not_indexed,,,0.0,,
P00094294,missing_target_year,,,,,0,not_indexed,,,0.0,,
P00094463,missing_target_year,2006b,,,,0,not_indexed,,,0.0,,
P00094502,missing_target_year,1998a,1999.0,1999.0,N,0,not_indexed,,,0.0,1999.0,kci_pub_year
P00094503,missing_target_year,1998b,,,,0,not_indexed,,,0.0,,
P00094539,missing_target_year,,,,,0,not_indexed,,,0.0,,
P00094617,missing_target_year,1998a,,,,0,not_indexed,,,0.0,,
P00094618,missing_target_year,1998b,,,,0,not_indexed,,,0.0,,
P00094619,missing_target_year,2006a,2022.0,,,0,not_indexed,,,0.0,2022.0,search_pub_year
P00094672,missing_target_year,2001b,,,,1,matched,2001.0,2.0,1.0,2001.0,google_scholar_year
P00094673,missing_target_year,2001c,,,,0,not_indexed,,,0.0,,
P00094769,missing_target_year,,,,,0,not_indexed,,,0.0,,
P00094819,missing_target_year,1993194-203,,,,0,not_indexed,,,0.0,,
P00011782,missing_target_year,2005a,,,,0,not_indexed,,,0.0,,
P00094849,missing_target_year,2001b,2021.0,,,0,review,,,0.0,2021.0,search_pub_year
P00094886,missing_target_year,2005a,,,,0,not_indexed,,,0.0,,
P00094887,missing_target_year,2005b,,,,0,not_indexed,,,0.0,,
P00062644,missing_target_year,1955a,,,,0,not_indexed,,,0.0,,
P00094944,missing_target_year,2002a,2003.0,,,0,not_indexed,,,0.0,2003.0,search_pub_year
P00096533,missing_target_year,동북아법연구,2017.0,,,0,not_indexed,,,0.0,2017.0,search_pub_year
P00097039,missing_target_year,한국근현대사연구,2013.0,,,0,review,,,0.0,2013.0,search_pub_year
P00097238,missing_target_year,1866,,,,0,not_indexed,,,0.0,,
P00097690,missing_target_year,,,,,0,not_indexed,,,0.0,,
P00097691,missing_target_year,,,,,0,not_indexed,,,0.0,,
P00098705,missing_target_year,1895,,,,0,not_indexed,,,0.0,,
P00098807,missing_target_year,역사문제연구,2008.0,,,0,not_indexed,,,0.0,2008.0,search_pub_year
P00099834,missing_target_year,,,,,0,not_indexed,,,0.0,,
P00100172,missing_target_year,1896,,,,0,not_indexed,,,0.0,,
P00017410,missing_target_year,국제정치논총,2003.0,,,0,not_indexed,,,0.0,2003.0,search_pub_year
P00100413,missing_target_year,,,,,0,not_indexed,,,0.0,,
P00101490,missing_target_year,20037&#50900;,,,,0,api_error,,,,,
P00101522,missing_target_year,,,,,0,api_error,,,,,
P00101523,missing_target_year,,,,,0,api_error,,,,,
P00101527,missing_target_year,,,,,0,api_error,,,,,
P00101529,missing_target_year,,,,,0,api_error,,,,,
P00101530,missing_target_year,,,,,0,api_error,,,,,
P00101531,missing_target_year,,,,,0,api_error,,,,,
P00101533,missing_target_year,김득중.1993.&#65378;,,,,0,api_error,,,,,
P00095516,missing_target_year,백운선.1992.&#65378;,,,,0,api_error,,,,,
P00101535,missing_target_year,임종명.1994.&#65378;,,,,0,api_error,,,,,
P00101536,missing_target_year,장하진.1989.&#65378;,,,,0,api_error,,,,,
P00033584,missing_target_year,2003b,,,,0,api_error,,,,,
P00101577,missing_target_year,2003a.,2003.0,2003.0,N,0,api_error,,,,2003.0,kci_pub_year
P00101578,missing_target_year,2004년2월10일,,,,0,api_error,,,,,
P00101579,missing_target_year,2004년2월20일,,,,0,api_error,,,,,
P00101580,missing_target_year,2004년2월27일,,,,0,api_error,,,,,
P00101582,missing_target_year,2002년7월,,,,0,api_error,,,,,
P00101585,missing_target_year,1993년6월,,,,0,api_error,,,,,
P00101587,missing_target_year,,,,,0,api_error,,,,,
P00101588,missing_target_year,,,,,0,api_error,,,,,
P00101589,missing_target_year,1989년8월,,,,0,api_error,,,,,
P00101592,missing_target_year,1999b.,,,,0,api_error,,,,,
P00101594,missing_target_year,조동준.1966.“전두환1996년8월,,,,0,api_error,,,,,
P00101596,missing_target_year,,,,,0,api_error,,,,,
P00101633,missing_target_year,19911993,,,,0,api_error,,,,,
P00101651,missing_target_year,20038월,,,,0,api_error,,,,,
P00101660,missing_target_year,20041월호.,,,,0,api_error,,,,,
P00101662,missing_target_year,19711971년6월8일,,,,0,api_error,,,,,
P00101666,missing_target_year,1982한미관계1882-1982,,,,0,api_error,,,,,
P00101683,missing_target_year,,,,,0,not_indexed,,,0.0,,
P00101684,missing_target_year,,,,,0,not_indexed,,,0.0,,
P00101685,missing_target_year,,,,,0,not_indexed,,,0.0,,
P00101686,missing_target_year,,,,,0,not_indexed,,,0.0,,
P00101687,missing_target_year,,,,,0,not_indexed,,,0.0,,
P00101702,missing_target_year,,,,,0,not_indexed,,,0.0,,
P00101710,missing_target_year,,,,,0,not_indexed,,,0.0,,
P00101711,missing_target_year,,,,,0,not_indexed,,,0.0,,
P00101716,missing_target_year,,2010.0,,,0,not_indexed,,,0.0,2010.0,search_pub_year
P00101720,missing_target_year,,2019.0,,,0,not_indexed,,,0.0,2019.0,search_pub_year
P00101730,missing_target_year,,,,,0,not_indexed,,,0.0,,
P00101765,missing_target_year,,2006.0,,,0,review,,,0.0,2006.0,search_pub_year
P00101767,missing_target_year,2003년봄,2003.0,2003.0,N,1,matched,2003.0,2.0,1.0,2003.0,kci_pub_year
P00101770,missing_target_year,1998년,,,,0,not_indexed,,,0.0,,
P00101772,missing_target_year,2001년11월,,,,0,not_indexed,,,0.0,,
P00101780,missing_target_year,19986월,,,,0,not_indexed,,,0.0,,
P00101801,missing_target_year,민족 역사서술에 대해 듣는다,2023.0,,,1,matched,2005.0,21.0,1.0,2023.0,search_pub_year
P00101809,missing_target_year,,,,,0,not_indexed,,,0.0,,
P00101811,missing_target_year,2003년,,,,0,not_indexed,,,0.0,,
P00101815,missing_target_year,,,,,0,not_indexed,,,0.0,,
P00101843,missing_target_year,,,,,0,not_indexed,,,0.0,,
P00101845,missing_target_year,,,,,0,not_indexed,,,0.0,,
P00101846,missing_target_year,2003년,,,,0,not_indexed,,,0.0,,
P00101850,missing_target_year,,,,,0,not_indexed,,,0.0,,
P00101852,missing_target_year,,,,,0,not_indexed,,,0.0,,
P00101853,missing_target_year,2002.8.12.,,,,0,not_indexed,,,0.0,,
P00101856,missing_target_year,2001년9월,,,,0,not_indexed,,,0.0,,
P00101860,missing_target_year,,,,,0,not_indexed,,,0.0,,
P00101861,missing_target_year,,,,,0,not_indexed,,,0.0,,
P00045339,missing_target_year,,,,,1,matched,1998.0,2.0,1.0,1998.0,google_scholar_year
P00101865,missing_target_year,,,,,0,not_indexed,,,0.0,,
P00101867,missing_target_year,2003년,,,,0,not_indexed,,,0.0,,
P00101868,missing_target_year,2001년,,,,0,not_indexed,,,0.0,,
P00101869,missing_target_year,2002년,,,,0,not_indexed,,,0.0,,
P00101884,missing_target_year,1991-97,,,,0,not_indexed,,,0.0,,
P00101896,missing_target_year,1882,2007.0,,,0,not_indexed,,,0.0,2007.0,search_pub_year
P00101966,missing_target_year,,2008.0,,,0,review,,,0.0,2008.0,search_pub_year
P00101990,missing_target_year,,,,,0,not_indexed,,,0.0,,
P00101991,missing_target_year,,,,,0,not_indexed,,,0.0,,
P00101992,missing_target_year,배상협정,,,,0,not_indexed,,,0.0,,
P00102004,missing_target_year,,,,,0,not_indexed,,,0.0,,
P00102012,missing_target_year,,,,,0,not_indexed,,,0.0,,
P00032773,missing_target_year,,,,,0,not_indexed,,,0.0,,
P00102118,missing_target_year,1991[1988],,,,0,not_indexed,,,0.0,,
P00102126,missing_target_year,,,,,0,not_indexed,,,0.0,,
P00102127,missing_target_year,,,,,0,not_indexed,,,0.0,,
P00102128,missing_target_year,,,,,0,not_indexed,,,0.0,,
P00102129,missing_target_year,,,,,0,not_indexed,,,0.0,,
P00102161,missing_target_year,,,,,0,not_indexed,,,0.0,,
P00102165,missing_target_year,,2003.0,2003.0,N,0,not_indexed,,,0.0,2003.0,kci_pub_year
P00102168,missing_target_year,,,,,0,not_indexed,,,0.0,,
P00102205,missing_target_year,,,,,0,not_indexed,,,0.0,,
P00102206,missing_target_year,19921989,,,,0,not_indexed,,,0.0,,
P00102209,missing_target_year,4,,,,0,not_indexed,,,0.0,,
P00102221,missing_target_year,,,,,0,not_indexed,,,0.0,,
P00102222,missing_target_year,1993여름,,,,0,not_indexed,,,0.0,,
P00102223,missing_target_year,1991겨울,,,,0,not_indexed,,,0.0,,
P00102224,missing_target_year,,,,,0,not_indexed,,,0.0,,
P00102225,missing_target_year,4,,,,0,not_indexed,,,0.0,,
P00102234,missing_target_year,,,,,0,not_indexed,,,0.0,,
P00102239,missing_target_year,,,,,0,not_indexed,,,0.0,,
P00102243,missing_target_year,1989b,,,,0,not_indexed,,,0.0,,
P00102244,missing_target_year,,2002.0,,,0,not_indexed,,,0.0,2002.0,search_pub_year
P00102245,missing_target_year,,,,,0,not_indexed,,,0.0,,
P00102247,missing_target_year,,,,,0,not_indexed,,,0.0,,
P00102248,missing_target_year,1986제7집,,,,0,not_indexed,,,0.0,,
P00102256,missing_target_year,,2024.0,,,0,not_indexed,,,0.0,2024.0,search_pub_year
P00102281,missing_target_year,,,,,0,not_indexed,,,0.0,,
P00102282,missing_target_year,1972년8월호,,,,0,not_indexed,,,0.0,,
P00058852,missing_target_year,,,,,0,not_indexed,,,0.0,,
P00102296,missing_target_year,20041969-1973,2004.0,,,0,not_indexed,,,0.0,2004.0,search_pub_year
P00102298,missing_target_year,2001a,,,,0,not_indexed,,,0.0,,
P00102303,missing_target_year,2002a,2002.0,2002.0,N,0,not_indexed,,,0.0,2002.0,kci_pub_year
P00102304,missing_target_year,2002b,2002.0,,,0,not_indexed,,,0.0,2002.0,search_pub_year
P00102308,missing_target_year,,,,,0,not_indexed,,,0.0,,
P00092860,missing_target_year,,,,,0,not_indexed,,,0.0,,
P00102428,missing_target_year,2005.9.29,,,,0,not_indexed,,,0.0,,
P00102429,missing_target_year,2004.8.17,,,,0,not_indexed,,,0.0,,
P00102430,missing_target_year,2004.7.21,,,,0,not_indexed,,,0.0,,
P00102431,missing_target_year,2004.9.11,,,,0,not_indexed,,,0.0,,
P00102432,missing_target_year,2004.10.26,,,,0,not_indexed,,,0.0,,
P00102433,missing_target_year,2004.10.16,,,,0,not_indexed,,,0.0,,
P00102434,missing_target_year,20059.24,,,,0,not_indexed,,,0.0,,
P00102435,missing_target_year,2004.2.27,,,,0,not_indexed,,,0.0,,
P00102516,missing_target_year,www.kita.net,,,,0,not_indexed,,,0.0,,
P00102517,missing_target_year,,2004.0,,,0,not_indexed,,,0.0,2004.0,search_pub_year
P00102519,missing_target_year,www.fta.go.kr,,,,0,not_indexed,,,0.0,,
P00102625,missing_target_year,1918～19211990,,,,0,not_indexed,,,0.0,,
P00102632,missing_target_year,1946년2월호,,,,0,not_indexed,,,0.0,,
P00095387,missing_target_year,1946년4월호,,,,0,not_indexed,,,0.0,,
P00102637,missing_target_year,1934년12월호,,,,0,not_indexed,,,0.0,,
P00102639,missing_target_year,1946년1월호,,,,0,not_indexed,,,0.0,,
P00102640,missing_target_year,1945년11월호,,,,0,not_indexed,,,0.0,,
P00102644,missing_target_year,1945년12월호,,,,0,not_indexed,,,0.0,,
P00102645,missing_target_year,1945～461993,,,,0,not_indexed,,,0.0,,
P00102646,missing_target_year,,,,,0,not_indexed,,,0.0,,
P00102666,missing_target_year,,,,,0,not_indexed,,,0.0,,
P00102667,missing_target_year,19811986,,,,0,not_indexed,,,0.0,,
P00102700,missing_target_year,,,,,0,not_indexed,,,0.0,,
P00102712,missing_target_year,,,,,0,not_indexed,,,0.0,,
P00102714,missing_target_year,2005.3.8,,,,0,not_indexed,,,0.0,,
P00102720,missing_target_year,2006.10.11,,,,0,not_indexed,,,0.0,,
P00102721,missing_target_year,2006.5.10,,,,0,not_indexed,,,0.0,,
P00102722,missing_target_year,2007.1.16,,,,0,not_indexed,,,0.0,,
P00102723,missing_target_year,2006.12.7,,,,0,not_indexed,,,0.0,,
P00102724,missing_target_year,2003.6.18,,,,0,not_indexed,,,0.0,,
P00102725,missing_target_year,2007.1.1,,,,0,not_indexed,,,0.0,,
P00102727,missing_target_year,2007.1.16,,,,0,not_indexed,,,0.0,,
P00102728,missing_target_year,2007.1.24,,,,0,not_indexed,,,0.0,,
P00102729,missing_target_year,2007.1.8,,,,0,not_indexed,,,0.0,,
P00102730,missing_target_year,2007.1.17,,,,0,not_indexed,,,0.0,,
P00102744,missing_target_year,20032003,,,,0,not_indexed,,,0.0,,
P00102782,missing_target_year,,,,,0,review,,,0.0,,
P00102784,missing_target_year,2006a,2006.0,2006.0,N,0,not_indexed,,,0.0,2006.0,kci_pub_year
P00102794,missing_target_year,,,,,0,not_indexed,,,0.0,,
P00102809,missing_target_year,,,,,0,not_indexed,,,0.0,,
P00102810,missing_target_year,19701992,,,,0,not_indexed,,,0.0,,
P00102817,missing_target_year,1998a,,,,0,not_indexed,,,0.0,,
P00102852,missing_target_year,19491946,,,,0,not_indexed,,,0.0,,
P00102867,missing_target_year,,2020.0,,,0,not_indexed,,,0.0,2020.0,search_pub_year
P00102946,missing_target_year,,,,,0,not_indexed,,,0.0,,
P00102951,missing_target_year,19191960,,,,0,not_indexed,,,0.0,,
P00102956,missing_target_year,,,,,0,not_indexed,,,0.0,,
P00102957,missing_target_year,,,,,0,not_indexed,,,0.0,,
P00087271,missing_target_year,,,,,0,not_indexed,,,0.0,,
P00102964,missing_target_year,,,,,0,not_indexed,,,0.0,,
P00102967,missing_target_year,,,,,0,not_indexed,,,0.0,,
P00102996,missing_target_year,,2015.0,,,0,review,,,0.0,2015.0,search_pub_year
P00103000,missing_target_year,,,,,0,not_indexed,,,0.0,,
P00103029,missing_target_year,,,,,0,not_indexed,,,0.0,,
P00103083,missing_target_year,,,,,0,not_indexed,,,0.0,,
P00103089,missing_target_year,1992200-6,,,,0,not_indexed,,,0.0,,
P00103146,missing_target_year,,,,,0,not_indexed,,,0.0,,
P00103147,missing_target_year,공간자료구영록배영수.1982.『한미관계1882-1982』,,,,0,not_indexed,,,0.0,,
P00049970,missing_target_year,,,,,0,not_indexed,,,0.0,,
P00103151,missing_target_year,1950년대경제협정,,,,0,not_indexed,,,0.0,,
P00103153,missing_target_year,리영희.1992.1953년한미상호방위조약,,,,0,not_indexed,,,0.0,,
P00103154,missing_target_year,,,,,0,not_indexed,,,0.0,,
P00103156,missing_target_year,,,,,0,not_indexed,,,0.0,,
P00103580,missing_target_year,진단학보,2020.0,,,0,not_indexed,,,0.0,2020.0,search_pub_year
P00104359,missing_target_year,,,,,0,not_indexed,,,0.0,,
P00104377,missing_target_year,담론201,2016.0,,,0,not_indexed,,,0.0,2016.0,search_pub_year
P00104384,missing_target_year,,1989.0,,,0,review,,,0.0,1989.0,search_pub_year
P00105536,missing_target_year,한국동양정치사상사연구,2009.0,,,0,not_indexed,,,0.0,2009.0,search_pub_year
P00105958,missing_target_year,,,,,0,not_indexed,,,0.0,,
P00117334,missing_target_year,한국정치학회보,2007.0,,,0,review,,,0.0,2007.0,search_pub_year
P00117420,missing_target_year,황해문화,,,,0,not_indexed,,,0.0,,
P00118334,missing_target_year,성이론,,,,0,not_indexed,,,0.0,,
P00118534,missing_target_year,,,,,0,not_indexed,,,0.0,,
P00118632,missing_target_year,male Subject)의 운동 전략: 메갈리아를 중심으로1),,,,0,not_indexed,,,0.0,,
P00118633,missing_target_year,페미니즘연구,2023.0,,,0,review,,,0.0,2023.0,search_pub_year
P00119462,missing_target_year,한국언론학보,2006.0,,,0,not_indexed,,,0.0,2006.0,search_pub_year
P00120541,missing_target_year,한국행정학보,2012.0,,,0,not_indexed,,,0.0,2012.0,search_pub_year
P00120542,missing_target_year,한국행정학보,2013.0,,,1,matched,2013.0,7.0,1.0,2013.0,search_pub_year
P00121294,missing_target_year,Diaoyutai 영유권 분쟁에 관한 국 제법적 고찰 :독도 영유권 문제에 대한 시사점,2016.0,,,1,matched,2010.0,9.0,1.0,2016.0,search_pub_year
P00123042,missing_target_year,2007b,2007.0,,,0,not_indexed,,,0.0,2007.0,search_pub_year
P00123043,missing_target_year,2007c,,,,0,not_indexed,,,0.0,,
P00123079,missing_target_year,세계지역연구논총,,,,0,not_indexed,,,0.0,,
P00123429,missing_target_year,KNSI 현안진단,2008.0,,,1,matched,2024.0,,1.0,2008.0,search_pub_year
P00123430,missing_target_year,"이집트, 요르단, UAS, 바레인",2022.0,,,0,review,,,0.0,2022.0,search_pub_year
P00123696,missing_target_year,군사연구,2017.0,,,1,matched,2017.0,2.0,1.0,2017.0,search_pub_year
P00124151,missing_target_year,민족문화연구,2016.0,,,0,not_indexed,,,0.0,2016.0,search_pub_year
P00124877,missing_target_year,,,,,0,not_indexed,,,0.0,,
P00125160,missing_target_year,동방학지,2012.0,,,1,matched,2012.0,6.0,1.0,2012.0,search_pub_year
P00126493,missing_target_year,,,,,1,matched,1997.0,1.0,1.0,1997.0,google_scholar_year
P00127674,missing_target_year,테스트,,,,0,not_indexed,,,0.0,,
P00128897,missing_target_year,2007.1.8,,,,0,api_error,,,,,
P00128898,missing_target_year,2006.9.4,,,,0,api_error,,,,,
P00128915,missing_target_year,2002.5.2,,,,0,api_error,,,,,
P00128918,missing_target_year,2006년3월7일,,,,0,api_error,,,,,
P00128930,missing_target_year,2006.9.10,,,,0,api_error,,,,,
P00128961,missing_target_year,2006.4.14,,,,0,not_indexed,,,0.0,,
P00128963,missing_target_year,2003.5.12,,,,0,not_indexed,,,0.0,,
P00128995,missing_target_year,2007.2.22,,,,0,not_indexed,,,0.0,,
P00128996,missing_target_year,2006.11.28,,,,0,not_indexed,,,0.0,,
P00128997,missing_target_year,2007.2.27,,,,0,not_indexed,,,0.0,,
P00129001,missing_target_year,2007.2.27,,,,0,not_indexed,,,0.0,,
P00129076,missing_target_year,경제의 수평적 상호작용,2021.0,,,1,matched,2021.0,6.0,1.0,2021.0,search_pub_year
P00129138,missing_target_year,국가전략,2006.0,,,0,not_indexed,,,0.0,2006.0,search_pub_year
P00129204,missing_target_year,,,,,0,not_indexed,,,0.0,,
P00129409,missing_target_year,1826,,,,0,not_indexed,,,0.0,,
P00131631,missing_target_year,국방연구,2017.0,,,1,matched,2017.0,2.0,1.0,2017.0,search_pub_year
P00061529,missing_target_year,국가전략,2022.0,,,1,matched,2009.0,28.0,1.0,2022.0,search_pub_year
P00132658,missing_target_year,국제정치 논총,,,,0,not_indexed,,,0.0,,
P00133913,missing_target_year,국가전략,2009.0,,,0,review,,,0.0,2009.0,search_pub_year
P00135259,missing_target_year,제2권 1호,,,,0,not_indexed,,,0.0,,
P00135358,missing_target_year,한국과 국제정치,2009.0,,,0,not_indexed,,,0.0,2009.0,search_pub_year
P00135846,missing_target_year,국방연구,,,,0,not_indexed,,,0.0,,
P00136116,missing_target_year,,,,,0,not_indexed,,,0.0,,
P00136118,missing_target_year,,,,,1,matched,1992.0,31.0,1.0,1992.0,google_scholar_year
P00136437,missing_target_year,2004a,2004.0,,,0,not_indexed,,,0.0,2004.0,search_pub_year
P00136556,missing_target_year,1991194-215,,,,0,not_indexed,,,0.0,,
P00136668,missing_target_year,20054월,,,,0,not_indexed,,,0.0,,
P00136669,missing_target_year,200311월,,,,0,not_indexed,,,0.0,,
P00136672,missing_target_year,2004a,,,,0,not_indexed,,,0.0,,
P00136673,missing_target_year,2004b,,,,0,not_indexed,,,0.0,,
P00136676,missing_target_year,2005a,,,,0,not_indexed,,,0.0,,
P00136677,missing_target_year,2005b,,,,0,not_indexed,,,0.0,,
P00136681,missing_target_year,2003a,,,,0,not_indexed,,,0.0,,
P00136682,missing_target_year,2003b,,,,0,not_indexed,,,0.0,,
P00136683,missing_target_year,2005년3월,,,,0,not_indexed,,,0.0,,
P00136684,missing_target_year,2005b,,,,0,not_indexed,,,0.0,,
P00136710,missing_target_year,19891989년12월28일,,,,0,not_indexed,,,0.0,,
P00136711,missing_target_year,1990a1990년9월20일,,,,0,not_indexed,,,0.0,,
P00136712,missing_target_year,1990b1990년10월3일,,,,0,not_indexed,,,0.0,,
P00136713,missing_target_year,19911991년5월5일,,,,0,not_indexed,,,0.0,,
P00136714,missing_target_year,19931993년3월1일,,,,0,not_indexed,,,0.0,,
P00136715,missing_target_year,19941994년11월1일1992,,,,0,not_indexed,,,0.0,,
P00137310,missing_target_year,,,,,0,not_indexed,,,0.0,,
P00137312,missing_target_year,2002a,,,,0,not_indexed,,,0.0,,
P00137319,missing_target_year,,,,,0,not_indexed,,,0.0,,
P00137320,missing_target_year,,,,,0,not_indexed,,,0.0,,
P00137321,missing_target_year,,,,,0,not_indexed,,,0.0,,
P00135736,missing_target_year,2006a,,,,0,not_indexed,,,0.0,,
P00137353,missing_target_year,2006b,,,,0,not_indexed,,,0.0,,
P00137498,missing_target_year,19891925-45,,,,0,not_indexed,,,0.0,,
P00138038,missing_target_year,2002a,,,,0,not_indexed,,,0.0,,
P00138039,missing_target_year,2002b,2007.0,,,0,not_indexed,,,0.0,2007.0,search_pub_year
P00139996,missing_target_year,PR연구,2014.0,,,0,not_indexed,,,0.0,2014.0,search_pub_year
P00140124,missing_target_year,한국방송학보,2013.0,,,0,not_indexed,,,0.0,2013.0,search_pub_year
P00140569,missing_target_year,정보보호학회논문지,2009.0,,,0,not_indexed,,,0.0,2009.0,search_pub_year
P00140638,missing_target_year,평화학연구,2003.0,,,0,review,,,0.0,2003.0,search_pub_year
P00141132,missing_target_year,정책분석평가학회보,2018.0,,,1,matched,2018.0,4.0,1.0,2018.0,search_pub_year
P00142456,missing_target_year,한국문화인류학,2006.0,,,0,not_indexed,,,0.0,2006.0,search_pub_year
P00144212,missing_target_year,철학연구,2018.0,,,0,not_indexed,,,0.0,2018.0,search_pub_year
P00146429,missing_target_year,한국언론학보,2007.0,,,0,not_indexed,,,0.0,2007.0,search_pub_year
P00151997,missing_target_year,기억,2011.0,,,0,not_indexed,,,0.0,2011.0,search_pub_year
P00152440,missing_target_year,한국사회학,2013.0,,,0,not_indexed,,,0.0,2013.0,search_pub_year
P00152541,missing_target_year,성이론,,,,0,not_indexed,,,0.0,,
P00038721,missing_target_year,동아연구,2007.0,,,0,not_indexed,,,0.0,2007.0,search_pub_year
P00155024,missing_target_year,,,,,0,not_indexed,,,0.0,,
P00155188,missing_target_year,사(私)' 개념의 변화,2003.0,,,0,not_indexed,,,0.0,2003.0,search_pub_year
P00155888,missing_target_year,한국논단,,,,0,not_indexed,,,0.0,,
P00156160,missing_target_year,언론과학연구,2010.0,,,0,not_indexed,,,0.0,2010.0,search_pub_year
P00156555,missing_target_year,STRATEGY 21,2004.0,,,0,review,,,0.0,2004.0,search_pub_year
P00157212,missing_target_year,국방연구,2002.0,,,0,not_indexed,,,0.0,2002.0,search_pub_year
P00158376,missing_target_year,슬라브학보,,,,0,not_indexed,,,0.0,,
P00159054,missing_target_year,시대정신,,,,0,not_indexed,,,0.0,,
P00159262,missing_target_year,,,,,0,not_indexed,,,0.0,,
P00159839,missing_target_year,라깡과 현대정신분석,2006.0,,,1,matched,2006.0,2.0,1.0,2006.0,search_pub_year
P00160458,missing_target_year,,,,,0,not_indexed,,,0.0,,
P00160686,missing_target_year,2006a,,,,0,not_indexed,,,0.0,,
P00160734,missing_target_year,2006b,,,,0,not_indexed,,,0.0,,
P00160930,missing_target_year,2006a,,,,0,not_indexed,,,0.0,,
P00160931,missing_target_year,2006b,,,,1,matched,2006.0,17.0,1.0,2006.0,google_scholar_year
P00161028,missing_target_year,www.freedomhouse.org),,,,0,not_indexed,,,0.0,,
P00161029,missing_target_year,www.kof.ethz.ch),,,,0,not_indexed,,,0.0,,
P00161030,missing_target_year,www.transparency.org),,,,0,not_indexed,,,0.0,,
P00161049,missing_target_year,,,,,0,not_indexed,,,0.0,,
P00161050,missing_target_year,19691964년5월15일,,,,0,not_indexed,,,0.0,,
P00161051,missing_target_year,19801953년8월5일,,,,0,not_indexed,,,0.0,,
P00161052,missing_target_year,19811959년1월5일,,,,0,not_indexed,,,0.0,,
P00161053,missing_target_year,19811961년11월16일,,,,0,not_indexed,,,0.0,,
P00161054,missing_target_year,19821964년6월26일,,,,0,not_indexed,,,0.0,,
P00161055,missing_target_year,19831968년10월11일,,,,0,not_indexed,,,0.0,,
P00161057,missing_target_year,19841971년12월14일,,,,0,not_indexed,,,0.0,,
P00161068,missing_target_year,2004(a),,,,0,not_indexed,,,0.0,,
P00161069,missing_target_year,2004(b),,,,0,review,,,0.0,,
P00161079,missing_target_year,2001.2.25,2013.0,,,0,not_indexed,,,0.0,2013.0,search_pub_year
P00161080,missing_target_year,,,,,0,not_indexed,,,0.0,,
P00161085,missing_target_year,2006.3.10,2006.0,,,0,not_indexed,,,0.0,2006.0,search_pub_year
P00161092,missing_target_year,2001.2.25,2002.0,,,0,not_indexed,,,0.0,2002.0,search_pub_year
P00161093,missing_target_year,2007.4.27,,,,0,not_indexed,,,0.0,,
P00161126,missing_target_year,2007.7.10,,,,0,not_indexed,,,0.0,,
P00161127,missing_target_year,2006.8.25,,,,0,not_indexed,,,0.0,,
P00161130,missing_target_year,2006.10.14,2026.0,,,0,not_indexed,,,0.0,,
P00161131,missing_target_year,2003.2.25,,,,0,not_indexed,,,0.0,,
P00161133,missing_target_year,2003.2.10,,,,0,not_indexed,,,0.0,,
P00161143,missing_target_year,2007.5.2,,,,0,not_indexed,,,0.0,,
P00161158,missing_target_year,2007.7.25,,,,0,not_indexed,,,0.0,,
P00161159,missing_target_year,2007.9.9,,,,0,not_indexed,,,0.0,,
P00161160,missing_target_year,2007.9.11,,,,0,not_indexed,,,0.0,,
P00161161,missing_target_year,2007.7.25,,,,0,not_indexed,,,0.0,,
P00161162,missing_target_year,2007.9.28,2012.0,,,1,matched,2012.0,1.0,1.0,2012.0,search_pub_year
P00161163,missing_target_year,2007.9.28,,,,0,not_indexed,,,0.0,,
P00161172,missing_target_year,,,,,0,not_indexed,,,0.0,,
P00161173,missing_target_year,,,,,0,not_indexed,,,0.0,,
P00161176,missing_target_year,,,,,0,not_indexed,,,0.0,,
P00161177,missing_target_year,,,,,0,not_indexed,,,0.0,,
P00092450,missing_target_year,2001a,,,,0,not_indexed,,,0.0,,
P00161184,missing_target_year,2001b,,,,1,matched,2001.0,14.0,1.0,2001.0,google_scholar_year
P00161189,missing_target_year,윤형섭김영래.1989.,,,,0,not_indexed,,,0.0,,
P00161190,missing_target_year,,,,,0,not_indexed,,,0.0,,
P00161191,missing_target_year,,,,,0,not_indexed,,,0.0,,
P00161195,missing_target_year,2006a,2006.0,,,1,matched,2006.0,8.0,1.0,2006.0,search_pub_year
P00161348,missing_target_year,2004년11월,,,,0,not_indexed,,,0.0,,
P00161350,missing_target_year,2004년11월,,,,0,not_indexed,,,0.0,,
P00161360,missing_target_year,www.maf.go.kr,,,,0,not_indexed,,,0.0,,
P00161361,missing_target_year,www.maff.go.jp,,,,0,not_indexed,,,0.0,,
P00161362,missing_target_year,www.mofat.go.kr,,,,0,not_indexed,,,0.0,,
P00161363,missing_target_year,www.knrda.go.kr,,,,0,not_indexed,,,0.0,,
P00161364,missing_target_year,www.krei.re.kr,,,,0,not_indexed,,,0.0,,
P00161368,missing_target_year,2004(a),,,,0,not_indexed,,,0.0,,
P00161376,missing_target_year,,,,,0,not_indexed,,,0.0,,
P00161401,missing_target_year,,2006.0,,,0,not_indexed,,,0.0,2006.0,search_pub_year
P00161405,missing_target_year,2004a,,,,0,not_indexed,,,0.0,,
P00161406,missing_target_year,2004b,2004.0,2004.0,N,1,matched,2004.0,4.0,1.0,2004.0,kci_pub_year
P00161565,missing_target_year,2005a,,,,0,not_indexed,,,0.0,,
P00161566,missing_target_year,2005b,,,,0,not_indexed,,,0.0,,
P00161580,missing_target_year,19941990,,,,0,not_indexed,,,0.0,,
P00161675,missing_target_year,2004년5월,,,,0,not_indexed,,,0.0,,
P00088536,missing_target_year,,,,,0,not_indexed,,,0.0,,
P00161863,missing_target_year,20034월,,,,0,not_indexed,,,0.0,,
P00161865,missing_target_year,"1988,5월",,,,0,not_indexed,,,0.0,,
P00161867,missing_target_year,19986월,,,,0,not_indexed,,,0.0,,
P00161878,missing_target_year,"2002,12월",,,,0,not_indexed,,,0.0,,
P00161881,missing_target_year,20018월,,,,0,not_indexed,,,0.0,,
P00161882,missing_target_year,19998월,,,,0,not_indexed,,,0.0,,
P00161883,missing_target_year,200112월,,,,0,not_indexed,,,0.0,,
P00161884,missing_target_year,20029월,,,,0,not_indexed,,,0.0,,
P00161938,missing_target_year,,2022.0,,,0,not_indexed,,,0.0,2022.0,search_pub_year
P00162007,missing_target_year,2002여름,,,,0,not_indexed,,,0.0,,
P00162008,missing_target_year,2003여름,,,,0,not_indexed,,,0.0,,
P00162080,missing_target_year,2000년겨울,,,,1,matched,2000.0,1.0,1.0,2000.0,google_scholar_year
P00162156,missing_target_year,,,,,1,matched,2003.0,1.0,1.0,2003.0,google_scholar_year
P00162180,missing_target_year,1960년대1984,,,,0,not_indexed,,,0.0,,
P00162213,missing_target_year,,2016.0,,,0,not_indexed,,,0.0,2016.0,search_pub_year
P00162217,missing_target_year,한국현대정치1945-19481993,,,,0,not_indexed,,,0.0,,
P00162220,missing_target_year,2001a,,,,0,not_indexed,,,0.0,,
P00162221,missing_target_year,2001b,,,,0,not_indexed,,,0.0,,
P00162268,missing_target_year,,2007.0,,,0,not_indexed,,,0.0,2007.0,search_pub_year
P00018682,missing_target_year,2000년,,,,1,matched,2001.0,6.0,1.0,2001.0,google_scholar_year
P00162391,missing_target_year,,,,,0,not_indexed,,,0.0,,
P00162392,missing_target_year,19671962-1966,,,,0,not_indexed,,,0.0,,
P00162393,missing_target_year,,,,,0,not_indexed,,,0.0,,
P00162394,missing_target_year,,,,,0,not_indexed,,,0.0,,
P00162395,missing_target_year,,,,,0,not_indexed,,,0.0,,
P00162445,missing_target_year,,2012.0,,,0,not_indexed,,,0.0,2012.0,search_pub_year
P00162446,missing_target_year,,,,,0,not_indexed,,,0.0,,
P00162477,missing_target_year,2003a,,,,0,not_indexed,,,0.0,,
P00162497,missing_target_year,19911991,,,,0,not_indexed,,,0.0,,
P00162506,missing_target_year,1999a,,,,0,not_indexed,,,0.0,,
P00162507,missing_target_year,1999b,,,,0,not_indexed,,,0.0,,
P00162571,missing_target_year,2002a,,,,0,not_indexed,,,0.0,,
P00162572,missing_target_year,19),,,,0,not_indexed,,,0.0,,
P00162625,missing_target_year,2004년,,,,0,not_indexed,,,0.0,,
P00057605,missing_target_year,,,,,0,not_indexed,,,0.0,,
P00162700,missing_target_year,,,,,0,not_indexed,,,0.0,,
P00162701,missing_target_year,19581958,,,,0,not_indexed,,,0.0,,
P00162703,missing_target_year,19871844economicandphilosophicalmanuscripts1844,,,,0,not_indexed,,,0.0,,
P00162704,missing_target_year,19641846,,,,0,not_indexed,,,0.0,,
P00162705,missing_target_year,19731857,,,,0,not_indexed,,,0.0,,
P00162706,missing_target_year,,,,,0,not_indexed,,,0.0,,
P00162718,missing_target_year,19911995,,,,0,not_indexed,,,0.0,,
P00162721,missing_target_year,19941994,,,,0,not_indexed,,,0.0,,
P00162723,missing_target_year,19681988,,,,0,not_indexed,,,0.0,,
P00162724,missing_target_year,19821992,,,,0,not_indexed,,,0.0,,
P00162729,missing_target_year,19881993,1993.0,,,0,review,,,0.0,1993.0,search_pub_year
P00162740,missing_target_year,1999년12월,,,,0,not_indexed,,,0.0,,
P00162744,missing_target_year,_1992,,,,0,not_indexed,,,0.0,,
P00162755,missing_target_year,2001년9월,,,,0,not_indexed,,,0.0,,
P00162760,missing_target_year,2001a,,,,1,matched,2001.0,4.0,1.0,2001.0,google_scholar_year
P00162778,missing_target_year,,,,,0,not_indexed,,,0.0,,
P00162782,missing_target_year,,,,,0,not_indexed,,,0.0,,
P00162815,missing_target_year,2004년7월,2006.0,,,0,not_indexed,,,0.0,2006.0,search_pub_year
P00162902,missing_target_year,en.wikipedia.org,,,,0,not_indexed,,,0.0,,
P00162904,missing_target_year,2005년6월,,,,0,not_indexed,,,0.0,,
P00163031,missing_target_year,박경산.1992.&#65378;,,,,0,not_indexed,,,0.0,,
P00163033,missing_target_year,정진영.1992.&#65378;,,,,0,not_indexed,,,0.0,,
P00091362,missing_target_year,,2016.0,,,0,not_indexed,,,0.0,2016.0,search_pub_year
P00163061,missing_target_year,,,,,0,not_indexed,,,0.0,,
P00163106,missing_target_year,19861980-85년,,,,0,not_indexed,,,0.0,,
P00163109,missing_target_year,19861980-1985년,,,,0,not_indexed,,,0.0,,
P00163110,missing_target_year,19861975-1979년,,,,0,not_indexed,,,0.0,,
P00163152,missing_target_year,,,,,0,not_indexed,,,0.0,,
P00163163,missing_target_year,.1991.,,,,0,not_indexed,,,0.0,,
P00163171,missing_target_year,,,,,0,not_indexed,,,0.0,,
P00163188,missing_target_year,,,,,0,not_indexed,,,0.0,,
P00163191,missing_target_year,2003a,,,,0,not_indexed,,,0.0,,
P00163192,missing_target_year,2003b,,,,0,not_indexed,,,0.0,,
P00163198,missing_target_year,2005년3월,,,,0,not_indexed,,,0.0,,
P00163257,missing_target_year,www.kinds.or.kr,,,,0,not_indexed,,,0.0,,
P00163258,missing_target_year,www.redcross.or.kr,,,,0,not_indexed,,,0.0,,
P00163259,missing_target_year,www.nec.go.kr (검색일 : 2006년 7월 5일),,,,0,not_indexed,,,0.0,,
P00163260,missing_target_year,kosis.nso.go.kr,,,,0,not_indexed,,,0.0,,
P00163261,missing_target_year,,,,,0,not_indexed,,,0.0,,
P00163540,missing_target_year,,2005.0,2005.0,N,1,matched,2005.0,1.0,1.0,2005.0,kci_pub_year
P00163541,missing_target_year,2004년9월,,,,1,matched,2004.0,1.0,1.0,2004.0,google_scholar_year
P00163632,missing_target_year,1997a,,,,0,not_indexed,,,0.0,,
P00163633,missing_target_year,1997b,,,,0,not_indexed,,,0.0,,
P00163649,missing_target_year,,,,,0,not_indexed,,,0.0,,
P00163651,missing_target_year,,,,,0,not_indexed,,,0.0,,
P00163653,missing_target_year,,,,,0,not_indexed,,,0.0,,
P00163654,missing_target_year,박성수.1993.『한국독립운동사자료집,1998.0,,,1,matched,1998.0,,1.0,1998.0,search_pub_year
P00163655,missing_target_year,,,,,0,not_indexed,,,0.0,,
P00163658,missing_target_year,,,,,0,not_indexed,,,0.0,,
P00163659,missing_target_year,서중석.1992.&#65378;,,,,0,not_indexed,,,0.0,,
P00163663,missing_target_year,,,,,0,not_indexed,,,0.0,,
P00163664,missing_target_year,,,,,0,not_indexed,,,0.0,,
P00163665,missing_target_year,,,,,0,not_indexed,,,0.0,,
P00163666,missing_target_year,,,,,0,not_indexed,,,0.0,,
P00163667,missing_target_year,,,,,0,not_indexed,,,0.0,,
P00163669,missing_target_year,,,,,0,not_indexed,,,0.0,,
P00163688,missing_target_year,2007.4.30,2008.0,,,0,not_indexed,,,0.0,2008.0,search_pub_year
P00163690,missing_target_year,2007.4.5,,,,0,not_indexed,,,0.0,,
P00163691,missing_target_year,2007.4.11,,,,0,not_indexed,,,0.0,,
P00163703,missing_target_year,2007.6.12,2006.0,,,0,not_indexed,,,0.0,2006.0,search_pub_year
P00163710,missing_target_year,,,,,0,not_indexed,,,0.0,,
P00163771,missing_target_year,2007.8.10,,,,0,not_indexed,,,0.0,,
P00163772,missing_target_year,2006.1.4,,,,0,not_indexed,,,0.0,,
P00163773,missing_target_year,2006.9.27,,,,0,not_indexed,,,0.0,,
P00163774,missing_target_year,2006.12.25,,,,0,not_indexed,,,0.0,,
P00163810,missing_target_year,,,,,0,not_indexed,,,0.0,,
P00163814,missing_target_year,,,,,0,not_indexed,,,0.0,,
P00163831,missing_target_year,2006.11.2,,,,0,not_indexed,,,0.0,,
P00137514,missing_target_year,2006.11.2,,,,0,not_indexed,,,0.0,,
P00163838,missing_target_year,2006.11.2,,,,0,review,,,0.0,,
P00163841,missing_target_year,2006.11.2,,,,0,not_indexed,,,0.0,,
P00137513,missing_target_year,2006.11.2,,,,0,review,,,0.0,,
P00163846,missing_target_year,2005.11.2,,,,0,review,,,0.0,,
P00163854,missing_target_year,2006.11.2,,,,0,not_indexed,,,0.0,,
P00163855,missing_target_year,2006.11.2,,,,0,not_indexed,,,0.0,,
P00163861,missing_target_year,2006.11.2,,,,0,review,,,0.0,,
P00163963,missing_target_year,,2006.0,,,1,matched,2006.0,1.0,1.0,2006.0,search_pub_year
P00164006,missing_target_year,1999.12.21,,,,0,review,,,0.0,,
P00164027,missing_target_year,2005.10.25,,,,0,not_indexed,,,0.0,,
P00164063,missing_target_year,www.eparty.or.kr,,,,0,not_indexed,,,0.0,,
P00164064,missing_target_year,www.hannara.or.kr,,,,0,not_indexed,,,0.0,,
P00164065,missing_target_year,2006.3.26,,,,0,not_indexed,,,0.0,,
P00164066,missing_target_year,2005.3.28,,,,0,not_indexed,,,0.0,,
P00164067,missing_target_year,2005.7.16,,,,0,not_indexed,,,0.0,,
P00164126,missing_target_year,2002.9.16,,,,0,not_indexed,,,0.0,,
P00164183,missing_target_year,2001a,,,,0,not_indexed,,,0.0,,
P00164184,missing_target_year,2001b,,,,0,not_indexed,,,0.0,,
P00164238,missing_target_year,2006년4월,,,,1,matched,2006.0,1.0,1.0,2006.0,google_scholar_year
P00164269,missing_target_year,2002년,2016.0,,,0,not_indexed,,,0.0,2016.0,search_pub_year
P00091416,missing_target_year,2004a,2006.0,,,0,review,,,0.0,2006.0,search_pub_year
P00164287,missing_target_year,2004c,,,,0,not_indexed,,,0.0,,
P00164386,missing_target_year,2005년9월,,,,0,not_indexed,,,0.0,,
P00164387,missing_target_year,2005년8월,,,,0,not_indexed,,,0.0,,
P00164561,missing_target_year,2005년,2005.0,2005.0,N,1,matched,2005.0,15.0,1.0,2005.0,kci_pub_year
P00093422,missing_target_year,2000년,,,,0,not_indexed,,,0.0,,
P00164730,missing_target_year,2000a,,,,1,matched,2000.0,,1.0,2000.0,google_scholar_year
P00164731,missing_target_year,2000b,,,,0,not_indexed,,,0.0,,
P00164733,missing_target_year,2001a,,,,0,not_indexed,,,0.0,,
P00164734,missing_target_year,2001b,,,,0,not_indexed,,,0.0,,
P00164758,missing_target_year,19921992,,,,0,not_indexed,,,0.0,,
P00164762,missing_target_year,1997.6.,,,,0,not_indexed,,,0.0,,
P00028092,missing_target_year,2003b,2003.0,,,0,not_indexed,,,0.0,2003.0,search_pub_year
P00164886,missing_target_year,2002년7월,,,,0,not_indexed,,,0.0,,
P00164887,missing_target_year,2003년,2003.0,2003.0,N,1,matched,2003.0,3.0,1.0,2003.0,kci_pub_year
P00164899,missing_target_year,2003년1월,,,,0,not_indexed,,,0.0,,
P00100990,missing_target_year,2003년12월,,,,0,not_indexed,,,0.0,,
P00164900,missing_target_year,2003년8월,2009.0,,,0,not_indexed,,,0.0,2009.0,search_pub_year
P00164901,missing_target_year,"2003,12",,,,0,not_indexed,,,0.0,,
P00164902,missing_target_year,2003년2월,,,,0,not_indexed,,,0.0,,
P00164903,missing_target_year,2004년3월,,,,1,matched,2004.0,2.0,1.0,2004.0,google_scholar_year
P00164905,missing_target_year,2003년7월,,,,0,not_indexed,,,0.0,,
P00136928,missing_target_year,,,,,0,not_indexed,,,0.0,,
P00166884,missing_target_year,,,,,0,not_indexed,,,0.0,,
P00167005,missing_target_year,국제정치논총,,,,0,not_indexed,,,0.0,,
P00168171,missing_target_year,,,,,1,matched,2015.0,,1.0,2015.0,google_scholar_year
P00168262,missing_target_year,,2008.0,,,1,matched,2009.0,3.0,1.0,2008.0,search_pub_year
P00168535,missing_target_year,기술혁신연구,2014.0,,,1,matched,2014.0,6.0,1.0,2014.0,search_pub_year
P00168641,missing_target_year,산업경제연구,2007.0,,,0,not_indexed,,,0.0,2007.0,search_pub_year
P00169389,missing_target_year,성이론,,,,0,not_indexed,,,0.0,,
P00170288,missing_target_year,STRATEGY21,2016.0,,,1,matched,2019.0,2.0,1.0,2016.0,search_pub_year
P00170624,missing_target_year,슬라브학보,2005.0,,,1,matched,2005.0,1.0,1.0,2005.0,search_pub_year
P00173181,missing_target_year,,,,,0,not_indexed,,,0.0,,
P00173847,missing_target_year,2004.9.8,,,,0,review,,,0.0,,
P00173848,missing_target_year,2004.9.8,,,,0,not_indexed,,,0.0,,
P00173849,missing_target_year,2004.7.23,,,,0,not_indexed,,,0.0,,
P00173851,missing_target_year,2004.9.8,,,,0,not_indexed,,,0.0,,
P00173852,missing_target_year,2000.2.22,2013.0,,,0,not_indexed,,,0.0,2013.0,search_pub_year
P00173853,missing_target_year,2004.7.21,,,,0,not_indexed,,,0.0,,
P00173856,missing_target_year,2006.6.26,,,,0,not_indexed,,,0.0,,
P00173859,missing_target_year,2007.1.10,,,,0,not_indexed,,,0.0,,
P00173861,missing_target_year,2007.7.19,,,,0,not_indexed,,,0.0,,
P00173862,missing_target_year,2006.3.31,,,,0,not_indexed,,,0.0,,
P00173864,missing_target_year,2006.12.18,,,,0,not_indexed,,,0.0,,
P00173866,missing_target_year,2005.7.11,,,,0,not_indexed,,,0.0,,
P00173870,missing_target_year,2005.12.10,,,,0,not_indexed,,,0.0,,
P00173872,missing_target_year,2004.7.8,,,,0,not_indexed,,,0.0,,
P00173875,missing_target_year,2004.9.8,,,,0,not_indexed,,,0.0,,
P00173877,missing_target_year,2004.10.22,,,,0,not_indexed,,,0.0,,
P00173927,missing_target_year,2006.05.23,,,,0,not_indexed,,,0.0,,
P00173206,missing_target_year,2004a,,,,1,matched,2004.0,,1.0,2004.0,google_scholar_year
P00174128,missing_target_year,2003가을,,,,0,not_indexed,,,0.0,,
P00174320,missing_target_year,1991년,,,,0,not_indexed,,,0.0,,
P00174402,missing_target_year,2001a,,,,0,not_indexed,,,0.0,,
P00174403,missing_target_year,2001b,,,,0,not_indexed,,,0.0,,
P00174405,missing_target_year,,,,,0,not_indexed,,,0.0,,
P00174451,missing_target_year,19972002,,,,0,not_indexed,,,0.0,,
P00027788,missing_target_year,2002a,2002.0,,,1,matched,2002.0,21.0,1.0,2002.0,search_pub_year
P00174453,missing_target_year,2002b,,,,0,review,,,0.0,,
P00174479,missing_target_year,2004년,,,,0,not_indexed,,,0.0,,
P00174482,missing_target_year,,,,,0,not_indexed,,,0.0,,
P00174487,missing_target_year,,,,,0,not_indexed,,,0.0,,
P00174492,missing_target_year,2004년10월12일,,,,0,not_indexed,,,0.0,,
P00174496,missing_target_year,,,,,0,not_indexed,,,0.0,,
P00174497,missing_target_year,2004년11월호,,,,0,not_indexed,,,0.0,,
P00174498,missing_target_year,20022002,,,,0,not_indexed,,,0.0,,
P00174499,missing_target_year,,,,,0,not_indexed,,,0.0,,
P00174500,missing_target_year,,,,,0,not_indexed,,,0.0,,
P00174709,missing_target_year,1994가울,,,,0,not_indexed,,,0.0,,
P00174777,missing_target_year,2003년2월27일,,,,0,not_indexed,,,0.0,,
P00174778,missing_target_year,2003년10월21일,,,,0,not_indexed,,,0.0,,
P00174779,missing_target_year,2003년2월27일,,,,0,not_indexed,,,0.0,,
P00174804,missing_target_year,20022002,,,,0,not_indexed,,,0.0,,
P00174902,missing_target_year,,,,,0,not_indexed,,,0.0,,
P00174958,missing_target_year,2000여름,,,,0,not_indexed,,,0.0,,
P00174994,missing_target_year,"2000,6",,,,0,not_indexed,,,0.0,,
P00175041,missing_target_year,2002a,,,,0,not_indexed,,,0.0,,
P00175042,missing_target_year,,,,,0,not_indexed,,,0.0,,
P00175043,missing_target_year,2002b,,,,0,not_indexed,,,0.0,,
P00175085,missing_target_year,,,,,0,not_indexed,,,0.0,,
P00175089,missing_target_year,,,,,0,not_indexed,,,0.0,,
P00175867,missing_target_year,2003a,2003.0,2003.0,N,0,not_indexed,,,0.0,2003.0,kci_pub_year
P00175868,missing_target_year,2003b,2003.0,2003.0,N,0,not_indexed,,,0.0,2003.0,kci_pub_year
P00175872,missing_target_year,,,,,0,not_indexed,,,0.0,,
P00176039,missing_target_year,2007.2.15,,,,0,not_indexed,,,0.0,,
P00176044,missing_target_year,2007.2.15,,,,0,not_indexed,,,0.0,,
P00176051,missing_target_year,2007.3.13,,,,0,not_indexed,,,0.0,,
P00176075,missing_target_year,korea.kr (검색일: 2007. 2. 22),,,,0,not_indexed,,,0.0,,
P00176076,missing_target_year,ncorea.co.kr,,,,0,not_indexed,,,0.0,,
P00176145,missing_target_year,1995.12.10.,,,,0,not_indexed,,,0.0,,
P00176378,missing_target_year,2003년5월,,,,0,not_indexed,,,0.0,,
P00176379,missing_target_year,2003년6월,,,,0,not_indexed,,,0.0,,
P00176382,missing_target_year,2002년6월,,,,0,not_indexed,,,0.0,,
P00176387,missing_target_year,1895-19172004,,,,0,not_indexed,,,0.0,,
P00176390,missing_target_year,1884-19051944;이광린역1973,,,,0,not_indexed,,,0.0,,
P00176392,missing_target_year,1958;석화정옮김2002,,,,0,not_indexed,,,0.0,,
P00178197,missing_target_year,정보사회와 미디어,2022.0,,,0,review,,,0.0,2022.0,search_pub_year
P00178503,missing_target_year,정치커뮤니케이션연구,2015.0,,,1,matched,2015.0,8.0,1.0,2015.0,search_pub_year
P00178621,missing_target_year,비참여에 영향을 미치는 예측 변인 탐색,2005.0,,,1,matched,2012.0,8.0,1.0,2005.0,search_pub_year
P00178780,missing_target_year,쉐퍼스 식을 분석하며 -,2009.0,,,1,matched,2009.0,7.0,1.0,2009.0,search_pub_year
P00178825,missing_target_year,,,,,1,matched,2018.0,,1.0,2018.0,google_scholar_year
P00179124,missing_target_year,라틴아메리카연구,2009.0,,,1,matched,2009.0,1.0,1.0,2009.0,search_pub_year
P00179741,missing_target_year,,2020.0,,,1,matched,2015.0,3.0,1.0,2020.0,search_pub_year
P00179742,missing_target_year,,2010.0,,,0,not_indexed,,,0.0,2010.0,search_pub_year
P00179831,missing_target_year,세계정치,,,,1,matched,2017.0,3.0,1.0,2017.0,google_scholar_year
P00180104,missing_target_year,부분의 관점으로,2021.0,,,1,matched,2021.0,2.0,1.0,2021.0,search_pub_year
P00180807,missing_target_year,국제정치연구,2022.0,,,1,matched,2022.0,1.0,1.0,2022.0,search_pub_year
P00181474,missing_target_year,관정일본리뷰,2024.0,,,0,review,,,0.0,2024.0,search_pub_year
P00183897,missing_target_year,성이론,,,,0,not_indexed,,,0.0,,
P00184745,missing_target_year,통일문제연구,2014.0,,,1,matched,2014.0,2.0,1.0,2014.0,search_pub_year
P00185392,missing_target_year,한국정치외교사논총,2014.0,,,1,matched,2014.0,1.0,1.0,2014.0,search_pub_year
P00186469,missing_target_year,해운물류연구,,,,0,not_indexed,,,0.0,,
P00186630,missing_target_year,군사논단,,,,0,not_indexed,,,0.0,,
P00189647,missing_target_year,,,,,0,not_indexed,,,0.0,,
P00190086,missing_target_year,,,,,0,not_indexed,,,0.0,,
P00191866,missing_target_year,국제정치논총,2001.0,,,0,not_indexed,,,0.0,2001.0,search_pub_year
P00172155,missing_target_year,,,,,0,not_indexed,,,0.0,,
P00192388,missing_target_year,,,,,0,not_indexed,,,0.0,,
P00192389,missing_target_year,1946년.정시우1946.,,,,0,not_indexed,,,0.0,,
P00192390,missing_target_year,1946년.1946년-1947년.한병옥.1947년1월1946년9월,,,,0,not_indexed,,,0.0,,
P00192391,missing_target_year,1947년10월,,,,0,not_indexed,,,0.0,,
P00192442,missing_target_year,2004.4.2,,,,0,not_indexed,,,0.0,,
P00192446,missing_target_year,2005.4.13,,,,0,not_indexed,,,0.0,,
P00192447,missing_target_year,2007.1.7,,,,0,not_indexed,,,0.0,,
P00192452,missing_target_year,2007.1.9,,,,0,not_indexed,,,0.0,,
P00192455,missing_target_year,2007.3.8,,,,0,not_indexed,,,0.0,,
P00192461,missing_target_year,,,,,1,matched,2007.0,9.0,1.0,2007.0,google_scholar_year
P00192477,missing_target_year,,,,,1,matched,2007.0,9.0,1.0,2007.0,google_scholar_year
P00192678,missing_target_year,,,,,0,not_indexed,,,0.0,,
P00192882,missing_target_year,？？？？？？？W1945-19901991,,,,0,not_indexed,,,0.0,,
P00193014,missing_target_year,1985년3호.,,,,0,not_indexed,,,0.0,,
P00193100,missing_target_year,2003가을,2003.0,,,0,not_indexed,,,0.0,2003.0,search_pub_year
P00193118,missing_target_year,,,,,0,not_indexed,,,0.0,,
P00193151,missing_target_year,1945-19801988,,,,0,not_indexed,,,0.0,,
P00193161,missing_target_year,1941-195019851989,,,,0,not_indexed,,,0.0,,
P00193188,missing_target_year,,,,,0,not_indexed,,,0.0,,
P00193424,missing_target_year,2002겨울,2002.0,2002.0,N,1,matched,2002.0,2.0,1.0,2002.0,kci_pub_year
P00193598,missing_target_year,,,,,0,not_indexed,,,0.0,,
P00193605,missing_target_year,,,,,0,not_indexed,,,0.0,,
P00193612,missing_target_year,2005.January,,,,0,not_indexed,,,0.0,,
P00193626,missing_target_year,,,,,0,not_indexed,,,0.0,,
P00193789,missing_target_year,1955-19751984,,,,0,not_indexed,,,0.0,,
P00194307,missing_target_year,,,,,0,not_indexed,,,0.0,,
P00194360,missing_target_year,,,,,0,not_indexed,,,0.0,,
P00194361,missing_target_year,1947-1953,,,,0,not_indexed,,,0.0,,
P00194368,missing_target_year,19911991,,,,0,not_indexed,,,0.0,,
P00194536,missing_target_year,,,,,0,not_indexed,,,0.0,,
P00194538,missing_target_year,,2005.0,,,1,matched,2005.0,5.0,1.0,2005.0,search_pub_year
P00194992,missing_target_year,1961년7월28일,,,,0,not_indexed,,,0.0,,
P00194993,missing_target_year,1958년제9호,,,,0,not_indexed,,,0.0,,
P00194994,missing_target_year,1979a,,,,0,not_indexed,,,0.0,,
P00194995,missing_target_year,1979b,,,,0,not_indexed,,,0.0,,
P00194996,missing_target_year,1987a,,,,0,not_indexed,,,0.0,,
P00194997,missing_target_year,1987b,,,,0,not_indexed,,,0.0,,
P00195001,missing_target_year,1998a,,,,0,not_indexed,,,0.0,,
P00195002,missing_target_year,1998b,,,,0,not_indexed,,,0.0,,
P00195003,missing_target_year,1947년5월호,,,,0,not_indexed,,,0.0,,
P00195006,missing_target_year,1950년7월호,,,,0,not_indexed,,,0.0,,
P00195008,missing_target_year,1947년3월호,,,,0,not_indexed,,,0.0,,
P00195011,missing_target_year,1950년7월호,,,,0,not_indexed,,,0.0,,
P00195012,missing_target_year,1946년창간호,,,,0,not_indexed,,,0.0,,
P00195013,missing_target_year,1947년2월호,,,,0,not_indexed,,,0.0,,
P00195016,missing_target_year,1961년7월30일,,,,0,not_indexed,,,0.0,,
P00195017,missing_target_year,1961년7월30일,,,,0,not_indexed,,,0.0,,
P00195018,missing_target_year,1960년3월5일,,,,0,not_indexed,,,0.0,,
P00195020,missing_target_year,1971년7월30일,,,,0,not_indexed,,,0.0,,
P00195021,missing_target_year,1965년3월8일,,,,0,not_indexed,,,0.0,,
P00195022,missing_target_year,1970년3월8일1971년7월31일,,,,0,not_indexed,,,0.0,,
P00195089,missing_target_year,2002여름,,,,1,matched,2002.0,4.0,1.0,2002.0,google_scholar_year
P00195094,missing_target_year,2002봄,,,,1,matched,2002.0,1.0,1.0,2002.0,google_scholar_year
P00195195,missing_target_year,2004년,2006.0,,,0,not_indexed,,,0.0,2006.0,search_pub_year
P00195198,missing_target_year,,,,,0,not_indexed,,,0.0,,
P00195203,missing_target_year,,,,,0,not_indexed,,,0.0,,
P00195205,missing_target_year,19931996,,,,0,not_indexed,,,0.0,,
P00195254,missing_target_year,,,,,0,not_indexed,,,0.0,,
P00195255,missing_target_year,1992년6월,,,,0,not_indexed,,,0.0,,
P00195319,missing_target_year,2006.12.8,,,,0,not_indexed,,,0.0,,
P00195323,missing_target_year,2007.6.29,,,,0,not_indexed,,,0.0,,
P00195327,missing_target_year,2007.5.2,,,,0,not_indexed,,,0.0,,
P00195329,missing_target_year,2007.2.14,,,,0,not_indexed,,,0.0,,
P00195344,missing_target_year,2007.6.15,,,,0,not_indexed,,,0.0,,
P00195369,missing_target_year,2005.2.21,,,,0,not_indexed,,,0.0,,
P00195370,missing_target_year,2003.1.11,,,,0,not_indexed,,,0.0,,
P00195384,missing_target_year,2005.12.9,,,,0,not_indexed,,,0.0,,
P00195473,missing_target_year,,,,,0,not_indexed,,,0.0,,
P00195474,missing_target_year,,,,,0,not_indexed,,,0.0,,
P00195475,missing_target_year,1945-1948돌베게.1982.,,,,0,not_indexed,,,0.0,,
P00195476,missing_target_year,,,,,0,not_indexed,,,0.0,,
P00195481,missing_target_year,,,,,0,not_indexed,,,0.0,,
P00195482,missing_target_year,,,,,0,not_indexed,,,0.0,,
P00195483,missing_target_year,,,,,0,not_indexed,,,0.0,,
P00195484,missing_target_year,새글사.1948.,,,,0,not_indexed,,,0.0,,
P00195485,missing_target_year,,,,,0,not_indexed,,,0.0,,
P00195486,missing_target_year,,,,,0,not_indexed,,,0.0,,
P00195487,missing_target_year,풀빛.1992.,2012.0,,,0,not_indexed,,,0.0,2012.0,search_pub_year
P00195488,missing_target_year,,,,,0,not_indexed,,,0.0,,
P00195489,missing_target_year,,,,,0,not_indexed,,,0.0,,
P00195490,missing_target_year,,,,,0,not_indexed,,,0.0,,
P00195492,missing_target_year,,,,,0,not_indexed,,,0.0,,
P00195494,missing_target_year,,,,,0,not_indexed,,,0.0,,
P00195495,missing_target_year,,,,,0,not_indexed,,,0.0,,
P00195613,missing_target_year,2006.12.14,,,,0,not_indexed,,,0.0,,
P00195615,missing_target_year,2007.3.26,2006.0,,,0,not_indexed,,,0.0,2006.0,search_pub_year
P00195618,missing_target_year,2006.7.28,2004.0,,,0,not_indexed,,,0.0,2004.0,search_pub_year
P00195621,missing_target_year,,,,,1,matched,2007.0,14.0,1.0,2007.0,google_scholar_year
P00195641,missing_target_year,,,,,1,matched,2007.0,14.0,1.0,2007.0,google_scholar_year
P00195643,missing_target_year,2006.5.17,,,,0,not_indexed,,,0.0,,
P00195652,missing_target_year,2006.11.15,,,,0,not_indexed,,,0.0,,
P00195664,missing_target_year,2002.1.16,,,,0,not_indexed,,,0.0,,
P00195673,missing_target_year,www.unikorea.go.kr,,,,0,not_indexed,,,0.0,,
P00195763,missing_target_year,,,,,0,not_indexed,,,0.0,,
P00195764,missing_target_year,,,,,0,not_indexed,,,0.0,,
P00195783,missing_target_year,2002b,,,,1,matched,2002.0,17.0,1.0,2002.0,google_scholar_year
P00195785,missing_target_year,2005a,,,,0,not_indexed,,,0.0,,
P00195786,missing_target_year,2005b,,,,0,review,,,0.0,,
P00195790,missing_target_year,2002b,,,,1,matched,2002.0,27.0,1.0,2002.0,google_scholar_year
P00091414,missing_target_year,2002c,,,,0,not_indexed,,,0.0,,
P00195821,missing_target_year,2005b,,,,0,not_indexed,,,0.0,,
P00195822,missing_target_year,2006.5.29,,,,0,not_indexed,,,0.0,,
P00195825,missing_target_year,,,,,0,not_indexed,,,0.0,,
P00195971,missing_target_year,2006.5.26,,,,0,not_indexed,,,0.0,,
P00195975,missing_target_year,2001.12.4,,,,0,not_indexed,,,0.0,,
P00195976,missing_target_year,2006.11.27,,,,0,not_indexed,,,0.0,,
P00195979,missing_target_year,2006.3.15,,,,0,not_indexed,,,0.0,,
P00195980,missing_target_year,1990년8월호,,,,0,not_indexed,,,0.0,,
P00195987,missing_target_year,,,,,0,not_indexed,,,0.0,,
P00195995,missing_target_year,,,,,0,not_indexed,,,0.0,,
P00195999,missing_target_year,2000.6.14,,,,0,not_indexed,,,0.0,,
P00196040,missing_target_year,2004.6.15,,,,0,not_indexed,,,0.0,,
P00196059,missing_target_year,2005.4.15-16,2006.0,,,1,matched,2006.0,,1.0,2006.0,search_pub_year
P00196097,missing_target_year,,,,,0,review,,,0.0,,
P00196108,missing_target_year,,,,,0,review,,,0.0,,
P00196111,missing_target_year,10,,,,0,not_indexed,,,0.0,,
P00196112,missing_target_year,05,,,,0,not_indexed,,,0.0,,
P00196113,missing_target_year,"16, 06",,,,0,not_indexed,,,0.0,,
P00196114,missing_target_year,13,,,,0,not_indexed,,,0.0,,
P00196115,missing_target_year,"22, 05",,,,0,not_indexed,,,0.0,,
P00197272,missing_target_year,1940.2.,,,,0,not_indexed,,,0.0,,
P00197273,missing_target_year,1940.3.,,,,0,not_indexed,,,0.0,,
P00197275,missing_target_year,,,,,0,not_indexed,,,0.0,,
P00197276,missing_target_year,,,,,0,not_indexed,,,0.0,,
P00197277,missing_target_year,,,,,0,not_indexed,,,0.0,,
P00197278,missing_target_year,1939.김봉우역1989.,2015.0,,,0,not_indexed,,,0.0,2015.0,search_pub_year
P00197376,missing_target_year,2001a,,,,0,not_indexed,,,0.0,,
P00197377,missing_target_year,2001b,,,,0,not_indexed,,,0.0,,
P00197385,missing_target_year,19851983,,,,0,not_indexed,,,0.0,,
P00197459,missing_target_year,2005년2월,,,,0,not_indexed,,,0.0,,
P00197460,missing_target_year,2005년3월,,,,0,not_indexed,,,0.0,,
P00197461,missing_target_year,2005년4월,,,,0,not_indexed,,,0.0,,
P00197462,missing_target_year,基東譯.1983,,,,0,not_indexed,,,0.0,,
P00197479,missing_target_year,www.cnn.com,,,,0,not_indexed,,,0.0,,
P00197549,missing_target_year,,,,,0,not_indexed,,,0.0,,
P00197621,missing_target_year,1965년제2호.,,,,0,not_indexed,,,0.0,,
P00197622,missing_target_year,,,,,0,not_indexed,,,0.0,,
P00197623,missing_target_year,,,,,0,not_indexed,,,0.0,,
P00197625,missing_target_year,,,,,0,not_indexed,,,0.0,,
P00197626,missing_target_year,1970년8월31일내각결정제70호1990.,,,,0,not_indexed,,,0.0,,
P00197627,missing_target_year,,,,,0,not_indexed,,,0.0,,
P00197629,missing_target_year,1970년제4호.,,,,0,not_indexed,,,0.0,,
P00197630,missing_target_year,,,,,0,not_indexed,,,0.0,,
P00197689,missing_target_year,,2002.0,,,0,review,,,0.0,2002.0,search_pub_year
P00197692,missing_target_year,,,,,1,matched,2003.0,1.0,1.0,2003.0,google_scholar_year
P00197697,missing_target_year,,,,,0,not_indexed,,,0.0,,
P00197783,missing_target_year,동서연구,2017.0,,,1,matched,2017.0,1.0,1.0,2017.0,search_pub_year
P00199398,missing_target_year,,,,,0,not_indexed,,,0.0,,
P00200491,missing_target_year,,,,,0,not_indexed,,,0.0,,
P00200492,missing_target_year,,,,,0,not_indexed,,,0.0,,
P00200493,missing_target_year,,,,,0,not_indexed,,,0.0,,
P00200592,missing_target_year,1997.3.,,,,0,not_indexed,,,0.0,,
P00200595,missing_target_year,,2016.0,,,0,not_indexed,,,0.0,2016.0,search_pub_year
P00200600,missing_target_year,1995.10.,,,,0,not_indexed,,,0.0,,
P00200605,missing_target_year,,,,,0,not_indexed,,,0.0,,
P00200617,missing_target_year,2006a,,,,0,not_indexed,,,0.0,,
P00200618,missing_target_year,2006b,,,,0,not_indexed,,,0.0,,
P00057362,missing_target_year,2006a,,,,0,not_indexed,,,0.0,,
P00200624,missing_target_year,2006b,,,,0,not_indexed,,,0.0,,
P00200625,missing_target_year,2006c,,,,0,not_indexed,,,0.0,,
P00200628,missing_target_year,,,,,0,not_indexed,,,0.0,,
P00200839,missing_target_year,,,,,0,not_indexed,,,0.0,,
P00201501,missing_target_year,국가정보연구,,,,0,not_indexed,,,0.0,,
P00202698,missing_target_year,동향과 전망,2014.0,,,1,matched,2011.0,2.0,1.0,2014.0,search_pub_year
P00203133,missing_target_year,,,,,0,not_indexed,,,0.0,,
P00205822,missing_target_year,통일문제연구,2011.0,,,1,matched,2011.0,3.0,1.0,2011.0,search_pub_year
P00206196,missing_target_year,,,,,0,not_indexed,,,0.0,,
P00206808,missing_target_year,김정일선집,,,,0,not_indexed,,,0.0,,
P00206866,missing_target_year,,,,,0,not_indexed,,,0.0,,
P00207158,missing_target_year,,2008.0,2008.0,N,1,matched,2008.0,2.0,1.0,2008.0,kci_pub_year
P00207305,missing_target_year,,,,,0,not_indexed,,,0.0,,
P00207357,missing_target_year,2007년6월5일,,,,0,not_indexed,,,0.0,,
P00207359,missing_target_year,1974년1988,,,,0,not_indexed,,,0.0,,
P00207362,missing_target_year,1991년,,,,0,not_indexed,,,0.0,,
P00207364,missing_target_year,,,,,0,not_indexed,,,0.0,,
P00207366,missing_target_year,1958년제3호1958.,,,,0,not_indexed,,,0.0,,
P00207367,missing_target_year,1967년4호1967.,,,,0,not_indexed,,,0.0,,
P00207368,missing_target_year,1967년3호1967.,,,,0,not_indexed,,,0.0,,
P00207369,missing_target_year,1967년2호1967.,,,,0,not_indexed,,,0.0,,
P00207370,missing_target_year,1958년제2호1958.,,,,0,not_indexed,,,0.0,,
P00207371,missing_target_year,1958년제1호,,,,0,not_indexed,,,0.0,,
P00207380,missing_target_year,2002.08.19,,,,0,not_indexed,,,0.0,,
P00207386,missing_target_year,2000.10.,2025.0,,,0,not_indexed,,,0.0,,
P00207398,missing_target_year,1998.09.09,,,,0,not_indexed,,,0.0,,
P00207399,missing_target_year,1998.08.22,,,,0,not_indexed,,,0.0,,
P00207400,missing_target_year,1998.08.04,,,,0,not_indexed,,,0.0,,
P00065563,missing_target_year,1982년3월31일,2013.0,,,0,not_indexed,,,0.0,2013.0,search_pub_year
P00207407,missing_target_year,2005년4월16일,,,,0,not_indexed,,,0.0,,
P00207429,missing_target_year,2007.10.09,,,,0,not_indexed,,,0.0,,
P00207430,missing_target_year,2007.10.09,,,,0,not_indexed,,,0.0,,
P00207441,missing_target_year,2002.12.13.,,,,0,not_indexed,,,0.0,,
P00207442,missing_target_year,2000.09.,,,,0,not_indexed,,,0.0,,
P00207464,missing_target_year,,2024.0,,,1,matched,2023.0,,1.0,2024.0,search_pub_year
P00207465,missing_target_year,,,,,0,not_indexed,,,0.0,,
P00207466,missing_target_year,,,,,0,not_indexed,,,0.0,,
P00207467,missing_target_year,2007.10.04,,,,0,not_indexed,,,0.0,,
P00207488,missing_target_year,2007.05.23,,,,0,not_indexed,,,0.0,,
P00207489,missing_target_year,2007.3.29,,,,0,not_indexed,,,0.0,,
P00207491,missing_target_year,2006.2.17,,,,0,not_indexed,,,0.0,,
P00207493,missing_target_year,2006.2.17,,,,0,not_indexed,,,0.0,,
P00207496,missing_target_year,2006.6.27,,,,0,not_indexed,,,0.0,,
P00207501,missing_target_year,2005.6.10,,,,0,not_indexed,,,0.0,,
P00207509,missing_target_year,1984년4호1984,,,,0,not_indexed,,,0.0,,
P00207514,missing_target_year,2007.05.23,,,,0,not_indexed,,,0.0,,
P00207526,missing_target_year,2007.05.30.,,,,0,not_indexed,,,0.0,,
P00207527,missing_target_year,2007.06.20.,,,,0,not_indexed,,,0.0,,
P00207529,missing_target_year,2007.08.02.,2007.0,,,0,not_indexed,,,0.0,2007.0,search_pub_year
P00207530,missing_target_year,2007.08.02.,,,,0,not_indexed,,,0.0,,
P00207533,missing_target_year,2004.05.21.,,,,0,not_indexed,,,0.0,,
P00207539,missing_target_year,2007.05.30.,,,,0,not_indexed,,,0.0,,
P00207542,missing_target_year,2002.12.,,,,0,not_indexed,,,0.0,,
P00207544,missing_target_year,2007.05.30.,,,,0,not_indexed,,,0.0,,
P00207550,missing_target_year,2007.5.15,2006.0,,,0,not_indexed,,,0.0,2006.0,search_pub_year
P00207553,missing_target_year,2006.12.,,,,0,not_indexed,,,0.0,,
P00207554,missing_target_year,2006.10.10.,,,,0,not_indexed,,,0.0,,
P00207557,missing_target_year,2002.10.25.,,,,0,not_indexed,,,0.0,,
P00207589,missing_target_year,2001-1-05,,,,0,not_indexed,,,0.0,,
P00207592,missing_target_year,2004년11월12일,,,,0,not_indexed,,,0.0,,
P00207657,missing_target_year,1978년제1호,,,,0,not_indexed,,,0.0,,
P00207661,missing_target_year,1981b,,,,0,not_indexed,,,0.0,,
P00207662,missing_target_year,1982a,,,,0,not_indexed,,,0.0,,
P00207663,missing_target_year,1982b,,,,0,not_indexed,,,0.0,,
P00207664,missing_target_year,1983b,,,,0,not_indexed,,,0.0,,
P00207668,missing_target_year,근로자1980년제3호,,,,0,not_indexed,,,0.0,,
P00207669,missing_target_year,1947년1월호,,,,0,not_indexed,,,0.0,,
P00207671,missing_target_year,1947a,2005.0,,,0,not_indexed,,,0.0,2005.0,search_pub_year
P00207672,missing_target_year,1956년10월호,,,,0,not_indexed,,,0.0,,
P00207673,missing_target_year,1960년3월6일,,,,0,not_indexed,,,0.0,,
P00207674,missing_target_year,1966년3월8일,,,,0,not_indexed,,,0.0,,
P00207675,missing_target_year,1960년3월8일,,,,0,not_indexed,,,0.0,,
P00207688,missing_target_year,1997a,,,,0,not_indexed,,,0.0,,
P00207689,missing_target_year,1997b,,,,0,not_indexed,,,0.0,,
P00207690,missing_target_year,2002년8월12일,,,,0,not_indexed,,,0.0,,
P00207692,missing_target_year,1967년6월23일,,,,0,not_indexed,,,0.0,,
P00207694,missing_target_year,1998년1월1일,,,,0,not_indexed,,,0.0,,
P00207695,missing_target_year,1998년5월5일,,,,0,not_indexed,,,0.0,,
P00207696,missing_target_year,1998년5월2일.,,,,0,not_indexed,,,0.0,,
P00207697,missing_target_year,2004년,,,,0,not_indexed,,,0.0,,
P00207703,missing_target_year,1991년12월15일,,,,0,not_indexed,,,0.0,,
P00207704,missing_target_year,1967년9월23일,,,,0,not_indexed,,,0.0,,
P00045481,missing_target_year,한국교육개발원1991,,,,0,not_indexed,,,0.0,,
P00207705,missing_target_year,2001.8.,,,,1,matched,2001.0,3.0,1.0,2001.0,google_scholar_year
P00207706,missing_target_year,1945-1949,2002.0,,,0,not_indexed,,,0.0,2002.0,search_pub_year
P00207709,missing_target_year,2004.7.,2004.0,,,1,matched,2004.0,,1.0,2004.0,search_pub_year
P00207772,missing_target_year,2004.4.7.,,,,0,not_indexed,,,0.0,,
P00207774,missing_target_year,1989봄,,,,0,not_indexed,,,0.0,,
P00207777,missing_target_year,1991겨울,,,,0,not_indexed,,,0.0,,
P00207781,missing_target_year,,,,,0,not_indexed,,,0.0,,
P00207833,missing_target_year,2002여름,,,,0,not_indexed,,,0.0,,
P00207834,missing_target_year,2002여름,,,,1,matched,2002.0,4.0,1.0,2002.0,google_scholar_year
P00207835,missing_target_year,2001년12월,,,,0,not_indexed,,,0.0,,
P00207863,missing_target_year,1996.6.,,,,0,not_indexed,,,0.0,,
P00207865,missing_target_year,1997년,,,,0,not_indexed,,,0.0,,
P00207898,missing_target_year,"1월～2월,3월,1999",2024.0,,,0,not_indexed,,,0.0,2024.0,search_pub_year
P00208080,missing_target_year,2000b,,,,0,not_indexed,,,0.0,,
P00208117,missing_target_year,19681984,,,,0,not_indexed,,,0.0,,
P00208127,missing_target_year,,,,,0,not_indexed,,,0.0,,
P00208171,missing_target_year,1991년4월29일,,,,0,not_indexed,,,0.0,,
P00208207,missing_target_year,,,,,0,not_indexed,,,0.0,,
P00208254,missing_target_year,2003.5.,,,,0,not_indexed,,,0.0,,
P00208291,missing_target_year,2004년,,,,0,not_indexed,,,0.0,,
P00208299,missing_target_year,2004.3.29,,,,0,not_indexed,,,0.0,,
P00208316,missing_target_year,2000년경제통합1993,,,,0,not_indexed,,,0.0,,
P00092023,missing_target_year,,,,,0,not_indexed,,,0.0,,
P00208338,missing_target_year,2003.11.5.,,,,0,not_indexed,,,0.0,,
P00208355,missing_target_year,2004.11.26,,,,0,not_indexed,,,0.0,,
P00208356,missing_target_year,2005.4.15.,,,,0,not_indexed,,,0.0,,
P00208364,missing_target_year,2005.4.15.,,,,0,not_indexed,,,0.0,,
P00208366,missing_target_year,2005.4.15.,,,,0,not_indexed,,,0.0,,
P00208404,missing_target_year,1960년대1984,2016.0,,,0,not_indexed,,,0.0,2016.0,search_pub_year
P00208443,missing_target_year,,2014.0,,,0,not_indexed,,,0.0,2014.0,search_pub_year
P00208447,missing_target_year,1997.10.,,,,0,not_indexed,,,0.0,,
P00208449,missing_target_year,1994년봄여름,,,,0,not_indexed,,,0.0,,
P00122720,missing_target_year,2005봄,,,,0,not_indexed,,,0.0,,
P00208453,missing_target_year,1988여름,,,,0,not_indexed,,,0.0,,
P00208455,missing_target_year,1996년8월12일,,,,0,not_indexed,,,0.0,,
P00208462,missing_target_year,1994봄,,,,0,not_indexed,,,0.0,,
P00208463,missing_target_year,1996여름,,,,0,not_indexed,,,0.0,,
P00208491,missing_target_year,2002.6.,,,,0,not_indexed,,,0.0,,
P00208492,missing_target_year,1997년,,,,0,not_indexed,,,0.0,,
P00208496,missing_target_year,2002.7.25~27,,,,0,not_indexed,,,0.0,,
P00208498,missing_target_year,2000.11.,,,,0,not_indexed,,,0.0,,
P00208499,missing_target_year,2002.5.,2013.0,,,0,not_indexed,,,0.0,2013.0,search_pub_year
P00208500,missing_target_year,2003.6.,,,,0,not_indexed,,,0.0,,
P00208501,missing_target_year,1995년봄호,,,,0,review,,,0.0,,
P00208505,missing_target_year,1998년4월호,,,,0,not_indexed,,,0.0,,
P00208516,missing_target_year,2003년,2003.0,,,1,matched,2003.0,1.0,1.0,2003.0,search_pub_year
P00208518,missing_target_year,김일성저작집42권,,,,0,not_indexed,,,0.0,,
P00208519,missing_target_year,,,,,0,not_indexed,,,0.0,,
P00208524,missing_target_year,2004.9.,,,,0,not_indexed,,,0.0,,
P00208526,missing_target_year,2004여름,2004.0,,,0,not_indexed,,,0.0,2004.0,search_pub_year
P00208530,missing_target_year,2004.7.7,,,,0,not_indexed,,,0.0,,
P00208531,missing_target_year,2004.8.31.,,,,0,not_indexed,,,0.0,,
P00208534,missing_target_year,,,,,0,not_indexed,,,0.0,,
P00208537,missing_target_year,2004여름호,,,,0,not_indexed,,,0.0,,
P00208541,missing_target_year,,,,,0,not_indexed,,,0.0,,
P00208542,missing_target_year,2000.1.3.,,,,0,not_indexed,,,0.0,,
P00208543,missing_target_year,1955년4월1일1967,,,,0,not_indexed,,,0.0,,
P00208544,missing_target_year,1974년7월31일1978,,,,0,not_indexed,,,0.0,,
P00208545,missing_target_year,1933년5월10일1979,,,,0,not_indexed,,,0.0,,
P00208546,missing_target_year,1952년2월1일1980,,,,0,not_indexed,,,0.0,,
P00208547,missing_target_year,1952년12월15일1980,,,,0,not_indexed,,,0.0,,
P00208548,missing_target_year,1955년4월4일1980,,,,0,not_indexed,,,0.0,,
P00208549,missing_target_year,1955년12월28일1980,,,,0,not_indexed,,,0.0,,
P00208550,missing_target_year,1956년5월17일1980,,,,0,not_indexed,,,0.0,,
P00208551,missing_target_year,1958년2월8일1981,,,,0,not_indexed,,,0.0,,
P00208552,missing_target_year,1958년3월6일1981,,,,0,not_indexed,,,0.0,,
P00208553,missing_target_year,1959년3월23일1981,,,,0,not_indexed,,,0.0,,
P00208554,missing_target_year,1962년11월9일1982,,,,0,not_indexed,,,0.0,,
P00208555,missing_target_year,1984년3월13일1992,,,,0,not_indexed,,,0.0,,
P00208556,missing_target_year,1957년제1호,,,,0,not_indexed,,,0.0,,
P00208557,missing_target_year,1961년제8호,,,,0,not_indexed,,,0.0,,
P00208558,missing_target_year,1980년제7호,,,,0,not_indexed,,,0.0,,
P00208559,missing_target_year,1961년제8호,,,,0,not_indexed,,,0.0,,
P00208560,missing_target_year,1961년3호,,,,0,not_indexed,,,0.0,,
P00208561,missing_target_year,1987년제2호,,,,0,not_indexed,,,0.0,,
P00208562,missing_target_year,,,,,0,not_indexed,,,0.0,,
P00208626,missing_target_year,,,,,0,not_indexed,,,0.0,,
P00208647,missing_target_year,1950&#45380;4&#50900;&#54840;,,,,0,not_indexed,,,0.0,,
P00208648,missing_target_year,1959&#45380;1&#54840;,,,,0,not_indexed,,,0.0,,
P00208659,missing_target_year,1853년~1945년1990,,,,0,not_indexed,,,0.0,,
P00208660,missing_target_year,"2000,2002",,,,0,not_indexed,,,0.0,,
P00208661,missing_target_year,1997.01.01,,,,0,not_indexed,,,0.0,,
P00208663,missing_target_year,1998.02.27,,,,0,not_indexed,,,0.0,,
P00208664,missing_target_year,2004.8.27~28.,,,,0,not_indexed,,,0.0,,
P00208669,missing_target_year,2004.11.10~13,,,,0,not_indexed,,,0.0,,
P00208671,missing_target_year,2004.8.27~28.,,,,0,not_indexed,,,0.0,,
P00208673,missing_target_year,2004.8.27~28.,,,,0,not_indexed,,,0.0,,
P00208674,missing_target_year,2004.8.27~28.,,,,0,review,,,0.0,,
P00208676,missing_target_year,1999.2.4.,,,,0,not_indexed,,,0.0,,
P00208677,missing_target_year,1999.2.11,,,,0,not_indexed,,,0.0,,
P00208682,missing_target_year,2004.8.27~28.,,,,0,not_indexed,,,0.0,,
P00208685,missing_target_year,,2024.0,,,1,matched,2022.0,10.0,1.0,2024.0,search_pub_year
P00208687,missing_target_year,1998.5.,,,,0,not_indexed,,,0.0,,
P00208688,missing_target_year,2004.4.29~30.,,,,0,not_indexed,,,0.0,,
P00208690,missing_target_year,,,,,0,not_indexed,,,0.0,,
P00208692,missing_target_year,2006.08.01,,,,0,not_indexed,,,0.0,,
P00208693,missing_target_year,2006.08.07,,,,0,not_indexed,,,0.0,,
P00208695,missing_target_year,1997.10.29.,,,,0,not_indexed,,,0.0,,
P00208696,missing_target_year,2005.1.,,,,0,not_indexed,,,0.0,,
P00208700,missing_target_year,1999.3.,,,,0,not_indexed,,,0.0,,
P00208701,missing_target_year,2007.2.5.,,,,0,not_indexed,,,0.0,,
P00208702,missing_target_year,2006.7.14.,,,,0,not_indexed,,,0.0,,
P00208704,missing_target_year,2001.7.,,,,0,not_indexed,,,0.0,,
P00208733,missing_target_year,2005.01.,,,,0,not_indexed,,,0.0,,
P00208734,missing_target_year,2006.7.,,,,0,not_indexed,,,0.0,,
P00208737,missing_target_year,,,,,0,not_indexed,,,0.0,,
P00162965,missing_target_year,1998.8.,,,,0,not_indexed,,,0.0,,
P00208751,missing_target_year,2007.1.22,,,,0,not_indexed,,,0.0,,
P00208756,missing_target_year,2000.11.15.,,,,0,not_indexed,,,0.0,,
P00208763,missing_target_year,,,,,0,review,,,0.0,,
P00208771,missing_target_year,2006.12.22.,,,,0,not_indexed,,,0.0,,
P00208779,missing_target_year,2006.12.22.,,,,0,not_indexed,,,0.0,,
P00208780,missing_target_year,2006.6.,,,,0,not_indexed,,,0.0,,
P00208808,missing_target_year,2006.07.27,,,,0,not_indexed,,,0.0,,
P00208810,missing_target_year,2004.12.09,2005.0,,,0,not_indexed,,,0.0,2005.0,search_pub_year
P00208961,missing_target_year,2006.3.13,,,,0,not_indexed,,,0.0,,
P00036335,missing_target_year,,2019.0,,,0,not_indexed,,,0.0,2019.0,search_pub_year
P00176602,missing_target_year,,,,,0,not_indexed,,,0.0,,
P00041826,missing_target_year,,,,,0,not_indexed,,,0.0,,
P00041106,missing_target_year,,,,,0,not_indexed,,,0.0,,
P00041107,missing_target_year,,,,,0,not_indexed,,,0.0,,
P00208993,missing_target_year,,,,,0,not_indexed,,,0.0,,
P00018395,missing_target_year,19931994,2007.0,,,0,not_indexed,,,0.0,2007.0,search_pub_year
P00209080,missing_target_year,,,,,0,not_indexed,,,0.0,,
P00209084,missing_target_year,제5집,,,,1,matched,2001.0,2.0,1.0,2001.0,google_scholar_year
P00209092,missing_target_year,2000년11월호,,,,0,not_indexed,,,0.0,,
P00209093,missing_target_year,2001년봄,,,,0,not_indexed,,,0.0,,
P00209094,missing_target_year,,2013.0,,,0,not_indexed,,,0.0,2013.0,search_pub_year
P00209102,missing_target_year,1985년8월호,,,,0,not_indexed,,,0.0,,
P00209108,missing_target_year,2000년8월23일,,,,0,not_indexed,,,0.0,,
P00209133,missing_target_year,,,,,0,not_indexed,,,0.0,,
P00209134,missing_target_year,1991년7월호,,,,0,not_indexed,,,0.0,,
P00209138,missing_target_year,2004년,,,,1,matched,2004.0,2.0,1.0,2004.0,google_scholar_year
P00209147,missing_target_year,2003년3월13일,,,,0,not_indexed,,,0.0,,
P00209149,missing_target_year,2002년,,,,0,not_indexed,,,0.0,,
P00209112,missing_target_year,2003.11.21,,,,0,not_indexed,,,0.0,,
P00209151,missing_target_year,2004년11월1일,,,,0,not_indexed,,,0.0,,
P00209152,missing_target_year,2003년6월4일,,,,0,not_indexed,,,0.0,,
P00209154,missing_target_year,2004년10월4일,,,,0,not_indexed,,,0.0,,
P00209155,missing_target_year,1997.6.,,,,0,not_indexed,,,0.0,,
P00209266,missing_target_year,한국국가전략,2022.0,,,0,review,,,0.0,2022.0,search_pub_year
P00209547,missing_target_year,안보군사학연구,2023.0,,,1,matched,2022.0,1.0,1.0,2023.0,search_pub_year
P00209566,missing_target_year,국방과 기술,2023.0,,,0,review,,,0.0,2023.0,search_pub_year
P00209675,missing_target_year,한국군사과학기술학회지,2008.0,,,1,matched,2008.0,,1.0,2008.0,search_pub_year
P00210073,missing_target_year,국방연구,2021.0,,,1,matched,2021.0,,1.0,2021.0,search_pub_year
P00210579,missing_target_year,월간중앙,,,,0,not_indexed,,,0.0,,
P00210714,missing_target_year,경영과학,2013.0,,,1,matched,2013.0,3.0,1.0,2013.0,search_pub_year
P00210731,missing_target_year,,,,,0,not_indexed,,,0.0,,
P00123218,missing_target_year,군사논단,2017.0,,,0,review,,,0.0,2017.0,search_pub_year
P00212459,missing_target_year,󰡕2005,,,,0,not_indexed,,,0.0,,
P00212565,missing_target_year,,2004.0,,,0,not_indexed,,,0.0,2004.0,search_pub_year
P00212641,missing_target_year,2006.5.5,,,,0,not_indexed,,,0.0,,
P00212642,missing_target_year,2006.6.12,,,,0,not_indexed,,,0.0,,
P00212643,missing_target_year,2006.7.24,,,,0,not_indexed,,,0.0,,
P00212644,missing_target_year,2006.5.5,,,,0,not_indexed,,,0.0,,
P00212645,missing_target_year,2006.8.9,,,,0,not_indexed,,,0.0,,
P00212646,missing_target_year,2005.4.12,,,,0,not_indexed,,,0.0,,
P00212647,missing_target_year,2005.1.19,,,,0,not_indexed,,,0.0,,
P00212648,missing_target_year,,,,,0,not_indexed,,,0.0,,
P00212649,missing_target_year,,,,,0,not_indexed,,,0.0,,
P00212653,missing_target_year,1992년,,,,0,not_indexed,,,0.0,,
P00212656,missing_target_year,1994년,,,,0,not_indexed,,,0.0,,
P00212658,missing_target_year,2006.6.19,,,,0,not_indexed,,,0.0,,
P00212723,missing_target_year,1998b,,,,0,not_indexed,,,0.0,,
P00212856,missing_target_year,2004.1.26,,,,0,not_indexed,,,0.0,,
P00212857,missing_target_year,2005.6.8,,,,0,not_indexed,,,0.0,,
P00212858,missing_target_year,2005.12.5,,,,0,not_indexed,,,0.0,,
P00212860,missing_target_year,2007.2.5,,,,0,not_indexed,,,0.0,,
P00213273,missing_target_year,과학,,,,0,not_indexed,,,0.0,,
P00213275,missing_target_year,과학,,,,0,not_indexed,,,0.0,,
P00213428,missing_target_year,다산과 현대,2024.0,,,0,review,,,0.0,2024.0,search_pub_year
P00213902,missing_target_year,북한,,,,0,not_indexed,,,0.0,,
P00213950,missing_target_year,사회와역사(구 한국사회사학회논문집),2016.0,,,0,not_indexed,,,0.0,2016.0,search_pub_year
P00214360,missing_target_year,198,,,,0,not_indexed,,,0.0,,
P00214581,missing_target_year,역사비평,2017.0,,,1,matched,2017.0,8.0,1.0,2017.0,search_pub_year
P00215913,missing_target_year,내일을 여는 역사,2010.0,,,0,review,,,0.0,2010.0,search_pub_year
P00216945,missing_target_year,정치사상연구,,,,1,matched,2005.0,1.0,1.0,2005.0,google_scholar_year
P00218148,missing_target_year,서양사론,,,,0,not_indexed,,,0.0,,
P00218560,missing_target_year,한국사회와 행정연구,2005.0,,,1,matched,2005.0,30.0,1.0,2005.0,search_pub_year
P00220359,missing_target_year,,,,,0,not_indexed,,,0.0,,
P00220391,missing_target_year,19722000,,,,0,not_indexed,,,0.0,,
P00220394,missing_target_year,2006a,,,,1,matched,2006.0,2.0,1.0,2006.0,google_scholar_year
P00220395,missing_target_year,2006b,,,,1,matched,2006.0,6.0,1.0,2006.0,google_scholar_year
P00220403,missing_target_year,1985a,,,,0,not_indexed,,,0.0,,
P00220404,missing_target_year,1985b,,,,0,not_indexed,,,0.0,,
P00220406,missing_target_year,1997a,,,,0,not_indexed,,,0.0,,
P00095658,missing_target_year,1997b,,,,0,not_indexed,,,0.0,,
P00220469,missing_target_year,,,,,0,not_indexed,,,0.0,,
P00220479,missing_target_year,김용학ㆍ전효관.1994.19~52.서울,,,,0,not_indexed,,,0.0,,
P00220482,missing_target_year,,,,,0,not_indexed,,,0.0,,
P00220483,missing_target_year,,,,,0,not_indexed,,,0.0,,
P00220486,missing_target_year,,2013.0,,,0,not_indexed,,,0.0,2013.0,search_pub_year
P00220492,missing_target_year,,,,,0,not_indexed,,,0.0,,
P00220493,missing_target_year,,,,,0,not_indexed,,,0.0,,
P00220494,missing_target_year,,,,,0,not_indexed,,,0.0,,
P00220495,missing_target_year,,,,,0,not_indexed,,,0.0,,
P00220556,missing_target_year,2006a,,,,0,not_indexed,,,0.0,,
P00220557,missing_target_year,2006b,,,,0,not_indexed,,,0.0,,
P00220568,missing_target_year,2002a,,,,1,matched,2002.0,2.0,1.0,2002.0,google_scholar_year
P00220571,missing_target_year,2004a,,,,1,matched,2004.0,,1.0,2004.0,google_scholar_year
P00220572,missing_target_year,2004b,,,,0,not_indexed,,,0.0,,
P00220577,missing_target_year,2006a,,,,0,not_indexed,,,0.0,,
P00220584,missing_target_year,2006a,,,,0,not_indexed,,,0.0,,
P00220585,missing_target_year,2006b,,,,0,not_indexed,,,0.0,,
P00220586,missing_target_year,2006c,,,,0,not_indexed,,,0.0,,
P00220592,missing_target_year,2006b,,,,0,not_indexed,,,0.0,,
P00220594,missing_target_year,2006a,2006.0,,,1,matched,2006.0,,1.0,2006.0,search_pub_year
P00220598,missing_target_year,2004b,,,,0,not_indexed,,,0.0,,
P00220599,missing_target_year,2004b,2004.0,2004.0,N,1,matched,2004.0,,1.0,2004.0,kci_pub_year
P00220600,missing_target_year,,,,,0,not_indexed,,,0.0,,
P00220614,missing_target_year,2006b,,,,1,matched,2006.0,,1.0,2006.0,google_scholar_year
P00220726,missing_target_year,,,,,0,not_indexed,,,0.0,,
P00220727,missing_target_year,,,,,0,not_indexed,,,0.0,,
P00220731,missing_target_year,,,,,0,not_indexed,,,0.0,,
P00220803,missing_target_year,2004a,,,,0,not_indexed,,,0.0,,
P00220804,missing_target_year,2004b,2020.0,,,0,not_indexed,,,0.0,2020.0,search_pub_year
P00220805,missing_target_year,2003a,,,,0,not_indexed,,,0.0,,
P00220806,missing_target_year,2003b,,,,0,not_indexed,,,0.0,,
P00220825,missing_target_year,,,,,0,not_indexed,,,0.0,,
P00220827,missing_target_year,,,,,0,not_indexed,,,0.0,,
P00220828,missing_target_year,,,,,0,not_indexed,,,0.0,,
P00220829,missing_target_year,,,,,0,not_indexed,,,0.0,,
P00220830,missing_target_year,,,,,0,not_indexed,,,0.0,,
P00220831,missing_target_year,,,,,0,not_indexed,,,0.0,,
P00220832,missing_target_year,,,,,0,not_indexed,,,0.0,,
P00220833,missing_target_year,2007a,,,,0,not_indexed,,,0.0,,
P00220834,missing_target_year,2007b,,,,0,not_indexed,,,0.0,,
P00220835,missing_target_year,,,,,0,not_indexed,,,0.0,,
P00220842,missing_target_year,2006a,,,,0,not_indexed,,,0.0,,
P00220843,missing_target_year,2006b,,,,0,not_indexed,,,0.0,,
P00220856,missing_target_year,,,,,1,matched,1992.0,2.0,1.0,1992.0,google_scholar_year
P00220858,missing_target_year,2001a,,,,1,matched,2001.0,38.0,1.0,2001.0,google_scholar_year
P00220872,missing_target_year,1993a,,,,0,not_indexed,,,0.0,,
P00220882,missing_target_year,,,,,1,matched,2007.0,1.0,1.0,2007.0,google_scholar_year
P00220883,missing_target_year,2005.3.22,,,,0,not_indexed,,,0.0,,
P00220886,missing_target_year,2004.8.12,,,,0,not_indexed,,,0.0,,
P00220894,missing_target_year,2005.10.20,2006.0,2006.0,N,0,not_indexed,,,0.0,2006.0,kci_pub_year
P00220899,missing_target_year,2006a,,,,1,matched,2002.0,,1.0,2002.0,google_scholar_year
P00061717,missing_target_year,2006b,,,,0,not_indexed,,,0.0,,
P00220902,missing_target_year,1995a,,,,0,not_indexed,,,0.0,,
P00220903,missing_target_year,1995b,,,,0,not_indexed,,,0.0,,
P00220912,missing_target_year,2006.11.23,,,,0,not_indexed,,,0.0,,
P00220927,missing_target_year,,,,,0,not_indexed,,,0.0,,
P00220929,missing_target_year,,,,,0,not_indexed,,,0.0,,
P00220930,missing_target_year,1988.&#65378;,,,,0,not_indexed,,,0.0,,
P00220932,missing_target_year,1993.&#65378;,,,,0,not_indexed,,,0.0,,
P00220952,missing_target_year,,,,,1,matched,2007.0,2.0,1.0,2007.0,google_scholar_year
P00222470,missing_target_year,Crisisonomy,2009.0,,,1,matched,2009.0,2.0,1.0,2009.0,search_pub_year
P00223379,missing_target_year,과학,,,,0,not_indexed,,,0.0,,
P00086928,missing_target_year,동양철학,2016.0,,,0,not_indexed,,,0.0,2016.0,search_pub_year
P00224434,missing_target_year,,,,,0,not_indexed,,,0.0,,
P00225050,missing_target_year,동남아시아연구,2009.0,,,0,not_indexed,,,0.0,2009.0,search_pub_year
P00225206,missing_target_year,국제지역연구,,,,0,not_indexed,,,0.0,,
P00232840,missing_target_year,동향과 전망,2023.0,,,1,matched,2023.0,1.0,1.0,2023.0,search_pub_year
P00232972,missing_target_year,성이론,,,,0,not_indexed,,,0.0,,
P00232977,missing_target_year,한국여성학,2014.0,,,1,matched,2014.0,17.0,1.0,2014.0,search_pub_year
P00233206,missing_target_year,성이론,,,,0,not_indexed,,,0.0,,
P00233211,missing_target_year,성이론,,,,1,matched,2019.0,1.0,1.0,2019.0,google_scholar_year
P00233216,missing_target_year,성이론,2023.0,,,0,review,,,0.0,2023.0,search_pub_year
P00233279,missing_target_year,,,,,0,not_indexed,,,0.0,,
P00233283,missing_target_year,월간 사회평론 길,2003.0,,,0,not_indexed,,,0.0,2003.0,search_pub_year
P00233291,missing_target_year,성이론,,,,0,not_indexed,,,0.0,,
P00233771,missing_target_year,다문화사회연구,2002.0,,,1,matched,2011.0,5.0,1.0,2002.0,search_pub_year
P00234332,missing_target_year,,,,,1,matched,2018.0,,1.0,2018.0,google_scholar_year
P00236191,missing_target_year,19791979,,,,0,not_indexed,,,0.0,,
P00236221,missing_target_year,19811981,,,,0,not_indexed,,,0.0,,
P00236251,missing_target_year,,2018.0,,,0,not_indexed,,,0.0,2018.0,search_pub_year
P00151664,missing_target_year,문화과정,2025.0,,,1,matched,2012.0,10.0,1.0,2012.0,google_scholar_year
P00236273,missing_target_year,1995.7.10,,,,0,not_indexed,,,0.0,,
P00236274,missing_target_year,,2023.0,,,1,matched,2023.0,,1.0,2023.0,search_pub_year
P00236275,missing_target_year,,,,,0,not_indexed,,,0.0,,
P00236278,missing_target_year,,,,,0,not_indexed,,,0.0,,
P00236279,missing_target_year,,,,,0,not_indexed,,,0.0,,
P00220683,missing_target_year,1995a,,,,0,not_indexed,,,0.0,,
P00236281,missing_target_year,1995b,,,,0,not_indexed,,,0.0,,
P00236286,missing_target_year,2002년겨울호,,,,0,review,,,0.0,,
P00055720,missing_target_year,1999b,,,,0,not_indexed,,,0.0,,
P00236306,missing_target_year,1997a,,,,1,matched,1997.0,6.0,1.0,1997.0,google_scholar_year
P00236310,missing_target_year,19951987-1992,,,,0,not_indexed,,,0.0,,
P00092405,missing_target_year,2002a,2002.0,2002.0,N,1,matched,2002.0,20.0,1.0,2002.0,kci_pub_year
P00236316,missing_target_year,2002b,,,,0,not_indexed,,,0.0,,
P00236566,missing_target_year,,,,,1,matched,2006.0,6.0,1.0,2006.0,google_scholar_year
P00236629,missing_target_year,2001a,,,,0,not_indexed,,,0.0,,
P00236630,missing_target_year,2001b,,,,0,not_indexed,,,0.0,,
P00236631,missing_target_year,2002a,,,,0,not_indexed,,,0.0,,
P00236632,missing_target_year,2002b,,,,0,not_indexed,,,0.0,,
P00236633,missing_target_year,2003a,,,,0,not_indexed,,,0.0,,
P00236634,missing_target_year,2003b,,,,0,not_indexed,,,0.0,,
P00236635,missing_target_year,2003c,,,,0,not_indexed,,,0.0,,
P00236636,missing_target_year,2003d,,,,0,not_indexed,,,0.0,,
P00236641,missing_target_year,2001a,,,,0,review,,,0.0,,
P00236642,missing_target_year,2001c,,,,0,not_indexed,,,0.0,,
P00236647,missing_target_year,,,,,0,not_indexed,,,0.0,,
P00236651,missing_target_year,2001a,,,,0,not_indexed,,,0.0,,
P00236652,missing_target_year,2001b,,,,0,not_indexed,,,0.0,,
P00236654,missing_target_year,2001d,,,,0,not_indexed,,,0.0,,
P00236656,missing_target_year,2003a,,,,0,not_indexed,,,0.0,,
P00236657,missing_target_year,2003b,,,,0,not_indexed,,,0.0,,
P00236658,missing_target_year,2003c,,,,0,not_indexed,,,0.0,,
P00236659,missing_target_year,2003d,,,,0,not_indexed,,,0.0,,
P00236665,missing_target_year,2005a,,,,0,not_indexed,,,0.0,,
P00236666,missing_target_year,2005b,,,,0,not_indexed,,,0.0,,
P00236667,missing_target_year,2005c,,,,0,review,,,0.0,,
P00236668,missing_target_year,2005d,,,,0,not_indexed,,,0.0,,
P00236669,missing_target_year,2005e,,,,0,not_indexed,,,0.0,,
P00236670,missing_target_year,2005f,,,,0,not_indexed,,,0.0,,
P00172112,missing_target_year,,,,,0,not_indexed,,,0.0,,
P00236706,missing_target_year,,,,,0,not_indexed,,,0.0,,
P00236707,missing_target_year,,,,,0,not_indexed,,,0.0,,
P00236714,missing_target_year,1999b,,,,0,not_indexed,,,0.0,,
P00236821,missing_target_year,2001a,,,,0,not_indexed,,,0.0,,
P00236822,missing_target_year,2001b,,,,0,not_indexed,,,0.0,,
P00236825,missing_target_year,1991181-205,2011.0,,,0,not_indexed,,,0.0,2011.0,search_pub_year
P00236855,missing_target_year,,2006.0,,,1,matched,2006.0,4.0,1.0,2006.0,search_pub_year
P00236865,missing_target_year,2003a,,,,0,not_indexed,,,0.0,,
P00236866,missing_target_year,2003b,,,,0,not_indexed,,,0.0,,
P00236867,missing_target_year,2005a,,,,0,review,,,0.0,,
P00236868,missing_target_year,2005b,,,,1,matched,2005.0,,1.0,2005.0,google_scholar_year
P00236904,missing_target_year,,2006.0,,,0,review,,,0.0,2006.0,search_pub_year
P00236984,missing_target_year,1968a,,,,0,not_indexed,,,0.0,,
P00210619,missing_target_year,1968b,,,,0,not_indexed,,,0.0,,
P00236986,missing_target_year,1997a,,,,0,not_indexed,,,0.0,,
P00236987,missing_target_year,1997b,,,,0,not_indexed,,,0.0,,
P00237004,missing_target_year,,,,,0,not_indexed,,,0.0,,
P00237012,missing_target_year,,,,,0,not_indexed,,,0.0,,
P00237014,missing_target_year,,,,,0,not_indexed,,,0.0,,
P00237041,missing_target_year,19941960,,,,0,not_indexed,,,0.0,,
P00237042,missing_target_year,,2007.0,,,0,not_indexed,,,0.0,2007.0,search_pub_year
P00237062,missing_target_year,1958.『로동』.1958년제10호.,,,,0,not_indexed,,,0.0,,
P00237079,missing_target_year,,,,,0,not_indexed,,,0.0,,
P00237083,missing_target_year,,,,,0,not_indexed,,,0.0,,
P00237086,missing_target_year,,,,,0,not_indexed,,,0.0,,
P00237088,missing_target_year,,,,,0,not_indexed,,,0.0,,
P00237089,missing_target_year,,,,,0,not_indexed,,,0.0,,
P00237090,missing_target_year,,,,,0,not_indexed,,,0.0,,
P00237091,missing_target_year,,,,,0,not_indexed,,,0.0,,
P00237092,missing_target_year,전국어머니대회참가자일동.1962.,,,,0,not_indexed,,,0.0,,
P00237094,missing_target_year,,,,,0,not_indexed,,,0.0,,
P00237102,missing_target_year,,,,,0,not_indexed,,,0.0,,
P00237103,missing_target_year,,,,,0,not_indexed,,,0.0,,
P00237104,missing_target_year,,,,,0,not_indexed,,,0.0,,
P00237105,missing_target_year,,,,,0,not_indexed,,,0.0,,
P00237106,missing_target_year,,,,,0,not_indexed,,,0.0,,
P00237107,missing_target_year,,,,,0,not_indexed,,,0.0,,
P00237108,missing_target_year,,,,,0,not_indexed,,,0.0,,
P00237109,missing_target_year,,,,,0,not_indexed,,,0.0,,
P00237110,missing_target_year,,,,,0,not_indexed,,,0.0,,
P00237111,missing_target_year,,,,,0,not_indexed,,,0.0,,
P00237112,missing_target_year,,2019.0,,,0,not_indexed,,,0.0,2019.0,search_pub_year
P00237113,missing_target_year,,,,,0,not_indexed,,,0.0,,
P00237126,missing_target_year,19921960-90,,,,0,not_indexed,,,0.0,,
P00237127,missing_target_year,2002a,,,,0,not_indexed,,,0.0,,
P00237128,missing_target_year,2002b,,,,0,not_indexed,,,0.0,,
P00237147,missing_target_year,1989a,,,,0,not_indexed,,,0.0,,
P00237148,missing_target_year,1989b,,,,0,not_indexed,,,0.0,,
P00237163,missing_target_year,2005a,,,,0,not_indexed,,,0.0,,
P00237164,missing_target_year,2005b,,,,0,not_indexed,,,0.0,,
P00237173,missing_target_year,2005a,,,,0,not_indexed,,,0.0,,
P00237174,missing_target_year,2005b,,,,0,not_indexed,,,0.0,,
P00203441,missing_target_year,2006a,,,,0,not_indexed,,,0.0,,
P00237175,missing_target_year,2006b,,,,0,not_indexed,,,0.0,,
P00237177,missing_target_year,,,,,0,not_indexed,,,0.0,,
P00237178,missing_target_year,,,,,0,not_indexed,,,0.0,,
P00237179,missing_target_year,,,,,0,not_indexed,,,0.0,,
P00237263,missing_target_year,,,,,0,not_indexed,,,0.0,,
P00237316,missing_target_year,2006a,2006.0,,,1,matched,2006.0,12.0,1.0,2006.0,search_pub_year
P00237352,missing_target_year,1998a,,,,0,not_indexed,,,0.0,,
P00237353,missing_target_year,1998b,,,,0,not_indexed,,,0.0,,
P00234745,missing_target_year,2005a,,,,0,not_indexed,,,0.0,,
P00237413,missing_target_year,2003b,,,,0,not_indexed,,,0.0,,
P00237427,missing_target_year,197019-44,,,,0,not_indexed,,,0.0,,
P00237441,missing_target_year,,2007.0,,,1,matched,2007.0,12.0,1.0,2007.0,search_pub_year
P00237477,missing_target_year,19921989,,,,0,not_indexed,,,0.0,,
P00237489,missing_target_year,2002a,,,,0,not_indexed,,,0.0,,
P00237490,missing_target_year,2002b,,,,0,not_indexed,,,0.0,,
P00237499,missing_target_year,2002a,,,,0,not_indexed,,,0.0,,
P00237500,missing_target_year,2002b,,,,0,not_indexed,,,0.0,,
P00237515,missing_target_year,19921989,,,,0,not_indexed,,,0.0,,
P00237516,missing_target_year,,2007.0,,,1,matched,2007.0,1.0,1.0,2007.0,search_pub_year
P00237578,missing_target_year,19891989,,,,0,not_indexed,,,0.0,,
P00237582,missing_target_year,1997a,,,,0,not_indexed,,,0.0,,
P00237583,missing_target_year,1997b,,,,0,not_indexed,,,0.0,,
P00237589,missing_target_year,1988a1989,,,,0,not_indexed,,,0.0,,
P00237590,missing_target_year,1988b,,,,0,not_indexed,,,0.0,,
P00237591,missing_target_year,1991a,,,,0,not_indexed,,,0.0,,
P00237592,missing_target_year,1991b,,,,0,not_indexed,,,0.0,,
P00237687,missing_target_year,,,,,0,not_indexed,,,0.0,,
P00237688,missing_target_year,,,,,0,not_indexed,,,0.0,,
P00237709,missing_target_year,2001b,,,,0,not_indexed,,,0.0,,
P00237844,missing_target_year,1979a,,,,0,not_indexed,,,0.0,,
P00237845,missing_target_year,1979b,,,,0,not_indexed,,,0.0,,
P00237846,missing_target_year,1979c,,,,0,not_indexed,,,0.0,,
P00237847,missing_target_year,1979d,,,,0,not_indexed,,,0.0,,
P00237962,missing_target_year,2007a,2007.0,2007.0,N,1,matched,2007.0,9.0,1.0,2007.0,kci_pub_year
P00237963,missing_target_year,2007b,2007.0,2007.0,N,1,matched,2007.0,2.0,1.0,2007.0,kci_pub_year
P00238418,missing_target_year,2003b,,,,0,not_indexed,,,0.0,,
P00238463,missing_target_year,2003a,,,,0,not_indexed,,,0.0,,
P00026913,missing_target_year,2003b,,,,0,not_indexed,,,0.0,,
P00238470,missing_target_year,,,,,0,not_indexed,,,0.0,,
P00062100,missing_target_year,2000a,,,,0,not_indexed,,,0.0,,
P00238512,missing_target_year,2000b,,,,0,not_indexed,,,0.0,,
P00238653,missing_target_year,,,,,0,not_indexed,,,0.0,,
P00238760,missing_target_year,19751995,,,,0,not_indexed,,,0.0,,
P00238762,missing_target_year,1960~70년대가정주부,,,,1,matched,2007.0,12.0,1.0,2007.0,google_scholar_year
P00240850,missing_target_year,구약논단,2016.0,,,0,not_indexed,,,0.0,2016.0,search_pub_year
P00241535,missing_target_year,,,,,0,not_indexed,,,0.0,,
P00242818,missing_target_year,,2014.0,2014.0,Y,1,matched,2014.0,1.0,1.0,2014.0,kci_pub_year
P00244157,missing_target_year,,,,,0,not_indexed,,,0.0,,
P00245337,missing_target_year,,,,,0,not_indexed,,,0.0,,
P00245766,missing_target_year,111,,,,0,not_indexed,,,0.0,,
P00246897,missing_target_year,경제와 사회,2016.0,,,1,matched,2020.0,60.0,1.0,2016.0,search_pub_year
P00247682,missing_target_year,,,,,0,not_indexed,,,0.0,,
P00043801,missing_target_year,,,,,0,not_indexed,,,0.0,,
P00248845,missing_target_year,한국해양전략연구소소식지,2010.0,,,0,not_indexed,,,0.0,2010.0,search_pub_year
P00249103,missing_target_year,2006.10.4.,,,,0,not_indexed,,,0.0,,
P00249107,missing_target_year,19211966,,,,0,not_indexed,,,0.0,,
P00249118,missing_target_year,2006.10.10,,,,0,not_indexed,,,0.0,,
P00249119,missing_target_year,2005.4.7,,,,0,not_indexed,,,0.0,,
P00249120,missing_target_year,2003.10.2,,,,0,not_indexed,,,0.0,,
P00249122,missing_target_year,1994.10.23,,,,0,not_indexed,,,0.0,,
P00249123,missing_target_year,2002.12.13,,,,0,not_indexed,,,0.0,,
P00249124,missing_target_year,2002.12.28,,,,0,not_indexed,,,0.0,,
P00249125,missing_target_year,2002.10.18,,,,0,not_indexed,,,0.0,,
P00249126,missing_target_year,2007.10.3,,,,0,not_indexed,,,0.0,,
P00249127,missing_target_year,2002.10.17,,,,0,not_indexed,,,0.0,,
P00249128,missing_target_year,2002.10.17,,,,0,not_indexed,,,0.0,,
P00249129,missing_target_year,2002.12.13,,,,0,not_indexed,,,0.0,,
P00249130,missing_target_year,2003.1.10,,,,0,not_indexed,,,0.0,,
P00249131,missing_target_year,2005.7.11,,,,0,not_indexed,,,0.0,,
P00249177,missing_target_year,,2007.0,2007.0,N,1,matched,2007.0,5.0,1.0,2007.0,kci_pub_year
P00249181,missing_target_year,한국문화인류학,2002.0,,,0,not_indexed,,,0.0,2002.0,search_pub_year
P00249302,missing_target_year,,,,,0,not_indexed,,,0.0,,
P00249363,missing_target_year,,2008.0,2008.0,N,1,matched,2008.0,,1.0,2008.0,kci_pub_year
P00249365,missing_target_year,,,,,1,matched,2008.0,5.0,1.0,2008.0,google_scholar_year
P00250274,missing_target_year,인프라,,,,0,not_indexed,,,0.0,,
P00057454,missing_target_year,노동연구,2022.0,,,1,matched,2011.0,,1.0,2022.0,search_pub_year
P00250809,missing_target_year,현대정치연구,2023.0,,,1,matched,2023.0,4.0,1.0,2023.0,search_pub_year
P00251479,missing_target_year,주거환경,2014.0,,,1,matched,2014.0,17.0,1.0,2014.0,search_pub_year
P00251836,missing_target_year,,2015.0,,,0,review,,,0.0,2015.0,search_pub_year
P00251876,missing_target_year,,,,,0,not_indexed,,,0.0,,
P00251890,missing_target_year,,,,,0,not_indexed,,,0.0,,
P00252297,missing_target_year,인문사회 21,2021.0,,,1,matched,2021.0,,1.0,2021.0,search_pub_year
P00252450,missing_target_year,,,,,0,not_indexed,,,0.0,,
P00252487,missing_target_year,,2022.0,2022.0,Y,1,matched,2022.0,,1.0,2022.0,kci_pub_year
P00252492,missing_target_year,,,,,0,not_indexed,,,0.0,,
P00252500,missing_target_year,,,,,0,not_indexed,,,0.0,,
P00252760,missing_target_year,아시아 브리프,,,,0,not_indexed,,,0.0,,
P00254049,missing_target_year,,,,,0,not_indexed,,,0.0,,
P00255125,missing_target_year,아시아브리프,,,,0,not_indexed,,,0.0,,
P00256190,missing_target_year,"25, 조총련 수뇌부와의 대담. “김정일의 너무나 솔직한 육성 고백전문,”",2023.0,,,0,review,,,0.0,2023.0,search_pub_year
P00256323,missing_target_year,국가전략,2020.0,,,1,matched,2020.0,4.0,1.0,2020.0,search_pub_year
P00256416,missing_target_year,국제정치연구,2021.0,,,0,review,,,0.0,2021.0,search_pub_year
P00257384,missing_target_year,일본연구논총,2016.0,,,1,matched,2016.0,1.0,1.0,2016.0,search_pub_year
P00257824,missing_target_year,중어중문학,2011.0,,,1,matched,2011.0,8.0,1.0,2011.0,search_pub_year
P00258161,missing_target_year,,,,,0,not_indexed,,,0.0,,
P00258730,missing_target_year,사회복지정책,2022.0,,,1,matched,2011.0,7.0,1.0,2022.0,search_pub_year
P00235903,missing_target_year,2009a,,,,1,matched,2009.0,2.0,1.0,2009.0,google_scholar_year
P00260086,missing_target_year,국제문제연구,,,,0,not_indexed,,,0.0,,
P00260087,missing_target_year,지역사회연구,2013.0,,,0,not_indexed,,,0.0,2013.0,search_pub_year
P00260338,missing_target_year,2008b,,,,0,not_indexed,,,0.0,,
P00260339,missing_target_year,2008c,2008.0,2008.0,N,1,matched,2008.0,1.0,1.0,2008.0,kci_pub_year
P00260386,missing_target_year,2007b,,,,0,not_indexed,,,0.0,,
P00260601,missing_target_year,,2002.0,,,1,matched,2002.0,10.0,1.0,2002.0,search_pub_year
P00260663,missing_target_year,2007.5.,,,,0,not_indexed,,,0.0,,
P00260696,missing_target_year,“멕앨寮屢慤撚,,,,0,not_indexed,,,0.0,,
P00260862,missing_target_year,,2005.0,,,1,matched,2005.0,5.0,1.0,2005.0,search_pub_year
P00260901,missing_target_year,19841973.6.13,,,,0,not_indexed,,,0.0,,
P00260904,missing_target_year,----.19931971.10.11,,,,0,not_indexed,,,0.0,,
P00260993,missing_target_year,,,,,1,matched,2006.0,5.0,1.0,2006.0,google_scholar_year
P00137977,missing_target_year,2006a,,,,0,not_indexed,,,0.0,,
P00137978,missing_target_year,2006b,,,,0,not_indexed,,,0.0,,
P00261056,missing_target_year,2005a,,,,0,not_indexed,,,0.0,,
P00261085,missing_target_year,,,,,0,not_indexed,,,0.0,,
P00261089,missing_target_year,,2010.0,,,1,matched,2005.0,17.0,1.0,2010.0,search_pub_year
P00261106,missing_target_year,,,,,0,not_indexed,,,0.0,,
P00040692,missing_target_year,i..정진옮김.1974.,2006.0,,,0,not_indexed,,,0.0,2006.0,search_pub_year
P00096905,missing_target_year,j.j..김용구옮김.1972.,2010.0,,,1,matched,2002.0,1.0,1.0,2010.0,search_pub_year
P00261143,missing_target_year,1953년,,,,0,not_indexed,,,0.0,,
P00261146,missing_target_year,1948년1972년,2015.0,,,0,not_indexed,,,0.0,2015.0,search_pub_year
P00261147,missing_target_year,2004년,2024.0,,,0,not_indexed,,,0.0,2024.0,search_pub_year
P00261150,missing_target_year,2005a,2021.0,,,0,not_indexed,,,0.0,2021.0,search_pub_year
P00261190,missing_target_year,,,,,0,not_indexed,,,0.0,,
P00261191,missing_target_year,,,,,0,not_indexed,,,0.0,,
P00261195,missing_target_year,,,,,0,not_indexed,,,0.0,,
P00261196,missing_target_year,,,,,0,not_indexed,,,0.0,,
P00261501,missing_target_year,,,,,0,review,,,0.0,,
P00261516,missing_target_year,,,,,0,not_indexed,,,0.0,,
P00261520,missing_target_year,,,,,0,review,,,0.0,,
P00261526,missing_target_year,,2009.0,,,1,matched,2003.0,15.0,1.0,2009.0,search_pub_year
P00261527,missing_target_year,,,,,0,not_indexed,,,0.0,,
P00261559,missing_target_year,,,,,0,review,,,0.0,,
P00261569,missing_target_year,,,,,0,not_indexed,,,0.0,,
P00261570,missing_target_year,,,,,0,review,,,0.0,,
P00261585,missing_target_year,,,,,0,review,,,0.0,,
P00261618,missing_target_year,,,,,1,matched,2004.0,5.0,1.0,2004.0,google_scholar_year
P00261621,missing_target_year,2002b,,,,0,not_indexed,,,0.0,,
P00261625,missing_target_year,,,,,0,not_indexed,,,0.0,,
P00261633,missing_target_year,,,,,0,not_indexed,,,0.0,,
P00261638,missing_target_year,,,,,1,matched,2004.0,3.0,1.0,2004.0,google_scholar_year
P00261645,missing_target_year,,2022.0,,,0,not_indexed,,,0.0,2022.0,search_pub_year
P00261664,missing_target_year,,,,,0,not_indexed,,,0.0,,
P00261673,missing_target_year,,,,,0,review,,,0.0,,
P00261701,missing_target_year,,,,,0,not_indexed,,,0.0,,
P00261706,missing_target_year,,,,,0,not_indexed,,,0.0,,
P00261715,missing_target_year,,,,,0,not_indexed,,,0.0,,
P00261722,missing_target_year,,,,,1,matched,2004.0,2.0,1.0,2004.0,google_scholar_year
P00261744,missing_target_year,,,,,0,not_indexed,,,0.0,,
P00261762,missing_target_year,,,,,0,review,,,0.0,,
P00261890,missing_target_year,2006b,,,,0,not_indexed,,,0.0,,
P00084201,missing_target_year,1988a,2001.0,,,1,matched,2011.0,,1.0,2001.0,search_pub_year
P00261984,missing_target_year,2006b,,,,0,not_indexed,,,0.0,,
P00262001,missing_target_year,,,,,0,not_indexed,,,0.0,,
P00262004,missing_target_year,2003b,,,,0,not_indexed,,,0.0,,
P00262013,missing_target_year,2006a,,,,0,not_indexed,,,0.0,,
P00202760,missing_target_year,2006b,2020.0,,,1,matched,2020.0,1.0,1.0,2020.0,search_pub_year
P00262014,missing_target_year,2006c,2007.0,,,0,review,,,0.0,2007.0,search_pub_year
P00262056,missing_target_year,1993185-219,,,,0,not_indexed,,,0.0,,
P00262074,missing_target_year,,,,,0,not_indexed,,,0.0,,
P00262080,missing_target_year,,,,,0,not_indexed,,,0.0,,
P00262110,missing_target_year,2006a,,,,0,not_indexed,,,0.0,,
P00262111,missing_target_year,2006b,,,,0,not_indexed,,,0.0,,
P00262112,missing_target_year,2004.6.4,2013.0,,,1,matched,2005.0,,1.0,2013.0,search_pub_year
P00262256,missing_target_year,2004a,2004.0,2004.0,N,1,matched,2004.0,7.0,1.0,2004.0,kci_pub_year
P00262257,missing_target_year,2004b,2002.0,,,0,not_indexed,,,0.0,2002.0,search_pub_year
P00262262,missing_target_year,1998b,,,,0,not_indexed,,,0.0,,
P00262310,missing_target_year,,,,,0,not_indexed,,,0.0,,
P00227208,missing_target_year,,,,,1,matched,2000.0,,1.0,2000.0,google_scholar_year
P00262345,missing_target_year,,2006.0,2006.0,N,1,matched,2006.0,4.0,1.0,2006.0,kci_pub_year
P00262359,missing_target_year,,2013.0,,,0,not_indexed,,,0.0,2013.0,search_pub_year
P00262362,missing_target_year,1994a,,,,0,not_indexed,,,0.0,,
P00262373,missing_target_year,2005b,,,,0,not_indexed,,,0.0,,
P00262454,missing_target_year,,,,,0,review,,,0.0,,
P00262463,missing_target_year,1999a,,,,0,not_indexed,,,0.0,,
P00262464,missing_target_year,1999b,,,,0,not_indexed,,,0.0,,
P00262487,missing_target_year,2004a,,,,0,review,,,0.0,,
P00262488,missing_target_year,2004b,,,,0,not_indexed,,,0.0,,
P00262530,missing_target_year,2000a,,,,0,not_indexed,,,0.0,,
P00262539,missing_target_year,”1987,,,,0,not_indexed,,,0.0,,
P00262573,missing_target_year,1911-1949』,,,,0,not_indexed,,,0.0,,
P00262578,missing_target_year,,,,,1,matched,2004.0,1.0,1.0,2004.0,google_scholar_year
P00262590,missing_target_year,,,,,0,not_indexed,,,0.0,,
P00262591,missing_target_year,,,,,0,not_indexed,,,0.0,,
P00262593,missing_target_year,,,,,0,not_indexed,,,0.0,,
P00262594,missing_target_year,,,,,0,not_indexed,,,0.0,,
P00262596,missing_target_year,,,,,0,not_indexed,,,0.0,,
P00262599,missing_target_year,,,,,0,review,,,0.0,,
P00262603,missing_target_year,,,,,0,not_indexed,,,0.0,,
P00262612,missing_target_year,2002년형반미,,,,1,matched,2004.0,3.0,1.0,2004.0,google_scholar_year
P00262749,missing_target_year,2005a,,,,0,not_indexed,,,0.0,,
P00262795,missing_target_year,1990년,,,,0,not_indexed,,,0.0,,
P00262798,missing_target_year,1996년,,,,0,not_indexed,,,0.0,,
P00262799,missing_target_year,1992년,2002.0,,,0,not_indexed,,,0.0,2002.0,search_pub_year
P00262800,missing_target_year,1993년,,,,0,not_indexed,,,0.0,,
P00197632,missing_target_year,1990년,,,,0,not_indexed,,,0.0,,
P00262801,missing_target_year,2004년,,,,0,not_indexed,,,0.0,,
P00197633,missing_target_year,2001년,,,,0,not_indexed,,,0.0,,
P00036136,missing_target_year,2000년,,,,0,not_indexed,,,0.0,,
P00197634,missing_target_year,2000년,,,,0,not_indexed,,,0.0,,
P00262802,missing_target_year,2005년,,,,0,not_indexed,,,0.0,,
P00244202,missing_target_year,2005년,,,,0,not_indexed,,,0.0,,
P00262803,missing_target_year,2000년,,,,0,not_indexed,,,0.0,,
P00262804,missing_target_year,2003년,,,,0,not_indexed,,,0.0,,
P00262805,missing_target_year,2005년,,,,0,not_indexed,,,0.0,,
P00262806,missing_target_year,2002년,,,,0,not_indexed,,,0.0,,
P00262808,missing_target_year,1990년3월,,,,0,not_indexed,,,0.0,,
P00262933,missing_target_year,,,,,0,review,,,0.0,,
P00037965,missing_target_year,,2010.0,,,1,matched,2013.0,26.0,1.0,2010.0,search_pub_year
P00263001,missing_target_year,200011.27,,,,0,not_indexed,,,0.0,,
P00263084,missing_target_year,2004a,2008.0,,,0,not_indexed,,,0.0,2008.0,search_pub_year
P00263105,missing_target_year,2003b,,,,0,review,,,0.0,,
P00263112,missing_target_year,2003b,,,,0,not_indexed,,,0.0,,
P00263318,missing_target_year,STRATEGY 21,,,,0,not_indexed,,,0.0,,
P00264845,missing_target_year,,,,,0,not_indexed,,,0.0,,
P00264987,missing_target_year,,,,,1,matched,2011.0,,1.0,2011.0,google_scholar_year
P00265160,missing_target_year,,,,,0,not_indexed,,,0.0,,
P00265556,missing_target_year,,,,,0,not_indexed,,,0.0,,
P00265809,missing_target_year,국제이슈해설,,,,0,not_indexed,,,0.0,,
P00266262,missing_target_year,1999년12월,,,,0,not_indexed,,,0.0,,
P00266263,missing_target_year,2004년10월12일,2005.0,2005.0,N,1,matched,2005.0,3.0,1.0,2005.0,kci_pub_year
P00266264,missing_target_year,1999년3월22일,2002.0,,,1,matched,2010.0,3.0,1.0,2002.0,search_pub_year
P00266267,missing_target_year,1999년12월,,,,0,not_indexed,,,0.0,,
P00266269,missing_target_year,1999년12월,,,,0,not_indexed,,,0.0,,
P00266273,missing_target_year,1997년,,,,0,not_indexed,,,0.0,,
P00266274,missing_target_year,2004년10월12일,,,,0,not_indexed,,,0.0,,
P00266275,missing_target_year,,2019.0,,,0,not_indexed,,,0.0,2019.0,search_pub_year
P00266276,missing_target_year,1996년6월,,,,0,not_indexed,,,0.0,,
P00266278,missing_target_year,1999년12월,,,,0,not_indexed,,,0.0,,
P00208983,missing_target_year,1999년12월,,,,0,not_indexed,,,0.0,,
P00266279,missing_target_year,1999년8월30일,,,,0,not_indexed,,,0.0,,
P00266280,missing_target_year,2004년4월7일,,,,0,not_indexed,,,0.0,,
P00266295,missing_target_year,2000년8월,,,,0,not_indexed,,,0.0,,
P00266297,missing_target_year,2004년4월3월,,,,0,not_indexed,,,0.0,,
P00266302,missing_target_year,2005년4월30일,,,,0,not_indexed,,,0.0,,
P00266303,missing_target_year,2003년2월9일,,,,0,not_indexed,,,0.0,,
P00266661,missing_target_year,2003년8월,,,,0,not_indexed,,,0.0,,
P00266921,missing_target_year,2004년8월11일,,,,0,not_indexed,,,0.0,,
P00266923,missing_target_year,2004년7월29일,,,,0,not_indexed,,,0.0,,
P00266938,missing_target_year,2003년11월29일,,,,0,not_indexed,,,0.0,,
